date,time,BAM,TEOM
20121217,0,24,18
20121217,100,25,13
20121217,159,19,10
20121217,300,19,15
20121217,400,21,12
20121217,459,20,11
20121217,600,16,12
20121217,700,17,14
20121217,759,21,15
20121217,900,23,17
20121217,1000,28,20
20121217,1059,32,19
20121217,1500,23,15
20121217,1600,43,25
20121217,1659,31,24
20121217,1800,27,22
20121217,1900,25,17
20121217,1959,18,13
20121217,2100,15,11
20121217,2200,15,11
20121217,2259,11,11
20121218,0,18,12
20121218,100,14,8
20121218,159,16,8
20121218,300,12,12
20121218,400,21,17
20121218,459,23,10
20121218,600,22,11
20121218,700,20,11
20121218,759,20,10
20121218,900,22,15
20121218,1000,27,12
20121218,1059,25,14
20121218,1200,30,10
20121218,1300,17,16
20121218,1359,21,14
20121218,1500,18,30
20121218,1600,24,24
20121218,1659,26,7
20121218,1800,15,12
20121218,1900,13,7
20121218,1959,10,7
20121218,2100,7,1
20121218,2200,7,8
20121218,2259,9,8
20121219,0,11,5
20121219,100,11,5
20121219,159,10,9
20121219,300,13,11
20121219,400,16,9
20121219,459,16,11
20121219,600,16,7
20121219,700,12,11
20121219,759,11,8
20121219,900,19,12
20121219,1000,15,5
20121219,1059,12,4
20121219,1200,10,10
20121219,1300,11,3
20121219,1359,12,6
20121219,1500,11,4
20121219,1600,8,7
20121219,1659,7,5
20121219,1800,9,2
20121219,1900,13,7
20121219,1959,15,5
20121219,2100,12,2
20121219,2200,11,4
20121219,2259,6,14
20121220,0,6,3
20121220,100,8,2
20121220,159,5,2
20121220,300,6,3
20121220,400,9,4
20121220,1600,8,16
20121220,1659,19,8
20121220,1800,19,12
20121220,1900,26,8
20121220,1959,23,16
20121220,2100,17,12
20121220,2200,23,17
20121220,2259,27,13
20121221,0,23,12
20121221,100,25,5
20121221,159,19,8
20121221,300,14,7
20121221,400,18,6
20121221,459,15,6
20121221,600,15,8
20121221,700,16,17
20121221,759,21,10
20121221,900,21,9
20121221,1000,17,10
20121221,1059,19,15
20121221,1200,22,18
20121221,1300,26,22
20121221,1359,39,18
20121221,1500,40,15
20121221,1600,34,25
20121221,1659,46,14
20121221,1800,26,11
20121221,1900,29,14
20121221,1959,17,14
20121221,2100,13,18
20121221,2200,13,19
20121221,2259,24,17
20121222,0,25,13
20121222,100,25,18
20121222,159,26,11
20121222,300,19,24
20121222,400,20,15
20121222,459,23,13
20121222,600,25,12
20121222,700,21,16
20121222,759,22,13
20121222,900,24,15
20121222,1000,25,18
20121222,1059,28,18
20121222,1200,25,18
20121222,1300,33,15
20121222,1359,29,17
20121222,1500,26,22
20121222,1600,37,16
20121222,1659,25,12
20121222,1800,28,15
20121222,1900,19,20
20121222,1959,26,16
20121222,2100,21,19
20121222,2200,16,21
20121222,2259,26,23
20121223,0,22,22
20121223,100,30,18
20121223,159,17,16
20121223,300,24,15
20121223,400,29,9
20121223,459,17,12
20121223,600,28,18
20121223,700,23,14
20121223,759,24,16
20121223,900,24,16
20121223,1000,29,12
20121223,1059,33,14
20121223,1200,23,15
20121223,1300,23,16
20121223,1359,20,14
20121223,1500,23,14
20121223,1600,25,13
20121223,1659,25,10
20121223,1800,20,11
20121223,1900,14,15
20121223,1959,15,12
20121223,2100,14,12
20121223,2200,11,10
20121223,2259,22,7
20121224,0,13,8
20121224,100,13,9
20121224,159,12,6
20121224,300,12,6
20121224,400,14,11
20121224,459,15,5
20121224,600,20,9
20121224,700,16,18
20121224,759,16,10
20121224,900,18,15
20121224,1000,31,14
20121224,1059,34,11
20121224,1200,24,11
20121224,1300,25,13
20121224,1359,21,12
20121224,1500,25,6
20121224,1600,20,2
20121224,1659,8,15
20121224,1800,9,13
20121224,1900,11,10
20121224,1959,8,5
20121224,2100,8,6
20121224,2200,11,6
20121224,2259,14,6
20121225,0,20,7
20121225,100,8,2
20121225,159,5,1
20121225,300,5,4
20121225,400,10,4
20121225,459,11,5
20121225,600,9,6
20121225,700,17,5
20121225,759,14,5
20121225,900,14,6
20121225,1000,20,6
20121225,1059,9,6
20121225,1200,8,5
20121225,1300,8,5
20121225,1359,11,4
20121225,1500,12,4
20121225,1600,10,6
20121225,1659,14,5
20121225,1800,15,8
20121225,1900,10,9
20121225,1959,7,6
20121225,2100,8,10
20121225,2200,7,8
20121225,2259,10,8
20121226,0,11,7
20121226,100,11,7
20121226,159,10,5
20121226,300,8,7
20121226,400,11,3
20121226,459,11,5
20121226,600,11,7
20121226,700,17,11
20121226,759,17,6
20121226,900,22,8
20121226,1000,17,17
20121226,1059,16,20
20121226,1200,19,16
20121226,1300,26,14
20121226,1359,26,6
20121226,1500,26,7
20121226,1600,20,7
20121226,1659,17,11
20121226,1800,10,12
20121226,1900,14,15
20121226,1959,19,22
20121226,2100,18,36
20121226,2200,35,47
20121226,2259,55,45
20121227,0,45,38
20121227,100,44,36
20121227,159,40,34
20121227,300,42,30
20121227,400,35,29
20121227,459,42,29
20121227,600,39,23
20121227,700,29,25
20121227,759,34,25
20121227,900,38,28
20121227,1000,46,31
20121227,1059,43,33
20121227,1200,38,18
20121227,1300,34,28
20121227,1359,39,20
20121227,1500,37,12
20121227,1600,23,13
20121227,1659,22,13
20121227,1800,18,10
20121227,1900,18,19
20121227,1959,29,18
20121227,2100,20,22
20121227,2200,19,21
20121227,2259,16,16
20121228,0,23,17
20121228,100,19,15
20121228,159,17,15
20121228,300,17,14
20121228,400,17,15
20121228,459,21,14
20121228,600,18,17
20121228,700,16,15
20121228,759,24,17
20121228,900,30,18
20121228,1000,35,19
20121228,1059,24,19
20121228,1200,32,22
20121228,1300,32,28
20121228,1359,36,35
20121228,1500,34,16
20121228,1600,22,15
20121228,1659,20,11
20121228,1800,13,17
20121228,1900,25,11
20121228,1959,19,23
20121228,2100,23,32
20121228,2200,20,27
20121228,2259,31,24
20121229,0,29,23
20121229,100,31,23
20121229,159,26,18
20121229,300,22,19
20121229,400,19,16
20121229,459,21,17
20121229,600,18,14
20121229,700,20,15
20121229,759,21,13
20121229,900,23,20
20121229,1000,30,20
20121229,1059,22,21
20121229,1200,26,24
20121229,1300,32,24
20121229,1359,30,24
20121229,1500,36,19
20121229,1600,26,12
20121229,1659,28,18
20121229,1800,24,18
20121229,1900,21,14
20121229,1959,21,15
20121229,2100,16,19
20121229,2200,13,18
20121229,2259,20,15
20121230,0,21,19
20121230,100,24,20
20121230,159,24,15
20121230,300,18,15
20121230,400,17,17
20121230,459,24,17
20121230,600,18,15
20121230,700,22,15
20121230,759,20,14
20121230,900,29,17
20121230,1000,35,20
20121230,1059,33,20
20121230,1200,23,17
20121230,1300,28,23
20121230,1359,36,25
20121230,1500,31,19
20121230,1600,32,18
20121230,1659,22,16
20121230,1800,22,27
20121230,1900,18,18
20121230,1959,21,13
20121230,2100,8,15
20121230,2200,10,11
20121230,2259,14,12
20121231,0,17,13
20121231,100,22,17
20121231,159,20,10
20121231,300,14,10
20121231,400,17,5
20121231,459,19,14
20121231,600,12,11
20121231,700,14,14
20121231,759,18,14
20121231,900,20,17
20121231,1000,27,15
20121231,1059,26,17
20121231,1200,15,22
20121231,1300,33,15
20121231,1359,29,14
20121231,1500,17,15
20121231,1600,19,14
20121231,1659,18,17
20121231,1800,17,14
20121231,1900,21,9
20121231,1959,14,10
20121231,2100,14,19
20121231,2200,17,24
20121231,2259,27,27
20130101,0,36,29
20130101,100,34,28
20130101,159,35,27
20130101,300,38,21
20130101,400,28,15
20130101,459,24,15
20130101,600,24,13
20130101,700,22,9
20130101,759,14,7
20130101,900,20,26
20130101,1000,33,29
20130101,1059,39,33
20130101,1200,37,32
20130101,1300,39,26
20130101,1359,30,23
20130101,1500,26,16
20130101,1600,24,15
20130101,1659,19,16
20130101,1800,15,14
20130101,1900,21,14
20130101,1959,19,15
20130101,2100,17,15
20130101,2200,13,21
20130101,2259,11,14
20130102,0,16,10
20130102,100,23,13
20130102,400,21,11
20130102,459,24,10
20130102,600,19,13
20130102,700,16,18
20130102,759,22,17
20130102,900,23,16
20130102,1000,23,20
20130102,1059,33,22
20130102,1200,27,20
20130102,1300,23,20
20130102,1359,28,23
20130102,1500,29,21
20130102,1600,28,19
20130102,1659,21,14
20130102,1800,25,16
20130102,1900,20,17
20130102,1959,12,18
20130102,2100,15,21
20130102,2200,23,20
20130102,2259,19,8
20130103,0,19,9
20130103,100,16,11
20130103,159,17,14
20130103,300,13,12
20130103,400,15,10
20130103,459,17,13
20130103,600,19,11
20130103,700,17,15
20130103,759,17,19
20130103,900,28,22
20130103,1000,34,24
20130103,1059,39,27
20130103,1200,37,30
20130103,1300,43,32
20130103,1359,48,30
20130103,1500,38,23
20130103,1600,38,16
20130103,1659,25,17
20130103,1800,29,19
20130103,1900,26,19
20130103,1959,24,21
20130103,2100,24,24
20130103,2200,22,20
20130103,2259,26,20
20130104,0,37,23
20130104,100,24,16
20130104,159,21,21
20130104,300,29,15
20130104,400,25,16
20130104,459,21,24
20130104,600,33,16
20130104,700,29,24
20130104,759,30,21
20130104,900,33,20
20130104,1000,40,25
20130104,1059,45,29
20130104,1200,49,31
20130104,1300,42,31
20130104,1359,50,28
20130104,1500,47,23
20130104,1600,40,16
20130104,1659,26,17
20130104,1800,21,20
20130104,1900,25,18
20130104,1959,20,13
20130104,2100,20,12
20130104,2200,17,12
20130104,2259,17,8
20130105,0,20,12
20130105,100,19,7
20130105,159,16,7
20130105,300,20,6
20130105,400,14,8
20130105,459,17,9
20130105,600,9,10
20130105,700,17,9
20130105,759,15,11
20130105,900,15,13
20130105,1000,20,14
20130105,1059,32,15
20130105,1200,27,16
20130105,1300,24,19
20130105,1359,29,17
20130105,1500,28,14
20130105,1600,29,21
20130105,1659,27,13
20130105,1800,22,13
20130105,1900,18,15
20130105,1959,17,11
20130105,2100,15,17
20130105,2200,12,12
20130105,2259,12,19
20130106,0,19,16
20130106,100,20,14
20130106,159,23,13
20130106,300,17,14
20130106,400,16,15
20130106,459,17,19
20130106,600,23,20
20130106,700,28,17
20130106,759,22,18
20130106,900,26,21
20130106,1000,35,20
20130106,1059,31,19
20130106,1200,24,18
20130106,1300,28,18
20130106,1359,22,18
20130106,1500,28,15
20130106,1600,24,13
20130106,1659,19,16
20130106,1800,19,14
20130106,1900,18,13
20130106,1959,14,13
20130106,2100,17,10
20130106,2200,3,9
20130106,2259,9,10
20130107,0,14,9
20130107,100,10,13
20130107,159,8,6
20130107,300,10,8
20130107,400,15,11
20130107,459,18,7
20130107,600,6,7
20130107,700,7,6
20130107,759,9,7
20130107,900,14,10
20130107,1000,20,11
20130107,1059,18,15
20130107,1200,15,17
20130107,1300,26,21
20130107,1359,26,19
20130107,1500,22,14
20130107,1600,24,12
20130107,1659,16,8
20130107,1800,19,9
20130107,1900,15,13
20130107,1959,14,14
20130107,2100,8,10
20130108,600,7,7
20130108,700,10,13
20130108,759,24,10
20130108,900,21,20
20130108,1000,16,12
20130108,1059,7,15
20130108,1200,12,15
20130108,1300,26,18
20130108,1359,27,26
20130108,1500,35,17
20130108,1600,20,16
20130108,1659,21,15
20130108,1800,24,22
20130108,1900,23,20
20130108,1959,15,25
20130108,2100,24,29
20130108,2200,36,28
20130108,2259,27,21
20130109,0,23,21
20130109,100,25,22
20130109,159,27,23
20130109,300,17,14
20130109,400,23,17
20130109,459,21,19
20130109,600,26,18
20130109,700,24,19
20130109,759,28,18
20130109,900,25,23
20130109,1000,34,19
20130109,1059,30,17
20130109,1200,32,18
20130109,1300,29,28
20130109,1359,37,28
20130109,1500,36,16
20130109,1600,35,14
20130109,1659,23,18
20130109,1800,24,25
20130109,1900,30,30
20130109,1959,29,26
20130109,2100,34,32
20130109,2200,24,30
20130109,2259,25,28
20130110,0,32,27
20130110,100,34,24
20130110,159,26,26
20130110,300,33,20
20130110,400,38,17
20130110,459,25,22
20130110,600,26,19
20130110,700,25,24
20130110,759,28,21
20130110,900,33,18
20130110,1000,33,33
20130110,1059,43,31
20130110,1200,36,32
20130110,1300,36,33
20130110,1359,32,27
20130110,1500,35,18
20130110,1600,28,30
20130110,1659,30,26
20130110,1800,32,20
20130110,1900,29,26
20130110,1959,29,22
20130110,2100,24,25
20130110,2200,17,22
20130110,2259,27,24
20130111,0,26,21
20130111,100,29,22
20130111,159,24,18
20130111,300,26,22
20130111,400,24,17
20130111,459,21,20
20130111,600,27,19
20130111,700,21,25
20130111,759,27,23
20130111,900,29,25
20130111,1000,40,25
20130111,1059,45,29
20130111,1200,83,37
20130111,1300,51,31
20130111,1359,62,31
20130111,1500,51,33
20130111,1600,40,31
20130111,1659,42,31
20130111,1800,46,32
20130111,1900,45,29
20130111,1959,32,26
20130111,2100,29,25
20130111,2200,30,26
20130111,2259,27,23
20130112,0,29,22
20130112,100,26,22
20130112,159,26,24
20130112,300,29,20
20130112,400,43,25
20130112,459,32,24
20130112,600,31,24
20130112,700,32,30
20130112,759,32,26
20130112,900,36,27
20130112,1000,35,30
20130112,1059,50,36
20130112,1200,43,29
20130112,1300,40,31
20130112,1359,41,27
20130112,1500,43,25
20130112,1600,39,23
20130112,1659,36,28
20130112,1800,31,22
20130112,1900,29,19
20130112,1959,28,18
20130112,2100,20,17
20130112,2200,21,18
20130112,2259,18,19
20130113,0,28,17
20130113,100,24,19
20130113,159,21,18
20130113,300,23,14
20130113,400,29,14
20130113,459,22,11
20130113,600,26,13
20130113,700,23,23
20130113,759,20,18
20130113,900,32,23
20130113,1000,36,24
20130113,1059,41,25
20130113,1200,41,26
20130113,1300,38,24
20130113,1359,44,20
20130113,1500,35,19
20130113,1600,38,15
20130113,1659,24,14
20130113,1800,27,11
20130113,1900,23,12
20130113,1959,18,14
20130113,2100,14,13
20130113,2200,15,12
20130113,2259,16,9
20130114,0,18,14
20130114,100,16,7
20130114,159,14,13
20130114,300,24,5
20130114,400,17,10
20130114,459,13,8
20130114,600,12,6
20130114,700,14,19
20130114,759,21,10
20130114,900,22,17
20130114,1000,33,19
20130114,1059,31,20
20130114,1200,29,22
20130114,1300,35,23
20130114,1359,37,19
20130114,1500,33,16
20130114,1600,28,13
20130114,1659,35,15
20130114,1800,28,12
20130114,1900,24,15
20130114,1959,20,24
20130114,2100,20,21
20130114,2200,19,15
20130114,2259,18,18
20130115,0,23,17
20130115,100,21,15
20130115,159,19,13
20130115,300,17,15
20130115,400,19,13
20130115,459,21,17
20130115,600,19,16
20130115,700,23,22
20130115,759,26,19
20130115,900,28,21
20130115,1000,36,25
20130115,1059,37,27
20130115,1200,40,24
20130115,1300,29,23
20130115,1359,35,20
20130115,1500,33,17
20130115,1600,30,18
20130115,1659,34,14
20130115,1800,22,18
20130115,1900,26,19
20130115,1959,20,20
20130115,2100,20,16
20130115,2200,8,7
20130115,2259,11,13
20130116,0,16,14
20130116,100,21,17
20130116,159,17,8
20130116,300,16,12
20130116,400,20,15
20130116,459,17,9
20130116,600,14,13
20130116,700,23,24
20130116,759,18,14
20130116,900,27,18
20130116,1000,24,20
20130116,1200,36,19
20130116,1300,39,25
20130116,1359,36,36
20130116,1500,43,26
20130116,1600,34,26
20130116,1659,38,22
20130116,1800,31,22
20130116,1900,28,23
20130116,1959,26,19
20130116,2100,22,21
20130116,2200,19,22
20130116,2259,23,16
20130117,0,27,23
20130117,100,24,19
20130117,159,18,19
20130117,300,22,20
20130117,400,25,19
20130117,459,21,19
20130117,600,23,21
20130117,700,26,33
20130117,759,33,28
20130117,900,38,31
20130117,1000,40,29
20130117,1059,44,32
20130117,1200,41,32
20130117,1300,41,28
20130117,1359,36,27
20130117,1500,38,23
20130117,1600,33,26
20130117,1659,35,22
20130117,1800,24,20
20130117,1900,28,21
20130117,1959,25,20
20130117,2100,21,17
20130117,2200,16,16
20130117,2259,21,16
20130118,0,24,15
20130118,100,16,17
20130118,159,20,13
20130118,300,22,13
20130118,400,21,19
20130118,459,24,17
20130118,600,24,20
20130118,700,26,29
20130118,759,29,26
20130118,900,32,28
20130118,1000,42,27
20130118,1059,50,28
20130118,1200,43,29
20130118,1300,40,26
20130118,1359,39,24
20130118,1500,36,23
20130118,1600,32,25
20130118,1659,41,28
20130118,1800,31,24
20130118,1900,42,21
20130118,1959,34,22
20130118,2100,23,23
20130118,2200,19,21
20130118,2259,27,22
20130119,0,25,20
20130119,100,31,19
20130119,159,25,18
20130119,300,26,25
20130119,400,27,21
20130119,459,31,24
20130119,600,35,23
20130119,700,26,31
20130119,759,31,26
20130119,900,34,29
20130119,1000,41,29
20130119,1059,40,28
20130119,1200,36,29
20130119,1300,40,28
20130119,1359,44,25
20130119,1500,37,22
20130119,1600,35,23
20130119,1659,27,23
20130119,1800,25,21
20130119,1900,33,21
20130119,1959,25,21
20130119,2100,19,20
20130119,2200,27,20
20130119,2259,27,22
20130120,0,31,23
20130120,100,32,22
20130120,159,32,21
20130120,300,31,20
20130120,400,29,19
20130120,459,26,20
20130120,600,25,17
20130120,700,32,29
20130120,759,27,18
20130120,900,31,24
20130120,1000,33,25
20130120,1059,46,26
20130120,1200,39,23
20130120,1300,38,26
20130120,1359,41,24
20130120,1500,45,22
20130120,1600,30,18
20130120,1659,31,18
20130120,1800,26,15
20130120,1900,22,21
20130120,1959,24,16
20130120,2100,26,19
20130120,2200,18,15
20130120,2259,18,14
20130121,0,22,13
20130121,100,19,13
20130121,159,16,11
20130121,300,16,12
20130121,400,20,14
20130121,459,22,9
20130121,600,18,11
20130121,700,22,20
20130121,759,18,17
20130121,900,22,19
20130121,1000,28,27
20130121,1059,47,26
20130121,1200,44,24
20130121,1300,41,27
20130121,1359,37,21
20130121,1500,35,58
20130121,1600,48,28
20130121,1659,46,27
20130121,1800,42,25
20130121,1900,40,21
20130121,1959,40,25
20130121,2100,37,26
20130121,2200,37,22
20130121,2259,25,14
20130122,0,22,14
20130122,100,27,16
20130122,159,26,13
20130122,300,25,12
20130122,400,22,13
20130122,459,28,15
20130122,600,23,16
20130122,700,27,18
20130122,759,25,25
20130122,900,38,19
20130122,1000,33,22
20130122,1059,31,27
20130122,1200,39,21
20130122,1300,37,25
20130122,1359,36,23
20130122,1500,32,19
20130122,1600,28,18
20130122,1659,23,18
20130122,1800,18,15
20130122,1900,21,19
20130122,1959,15,18
20130122,2100,18,19
20130122,2200,16,18
20130122,2259,25,17
20130123,0,19,16
20130123,100,27,16
20130123,159,19,14
20130123,300,26,14
20130123,400,23,14
20130123,459,28,14
20130123,600,19,15
20130123,700,19,18
20130123,759,24,23
20130123,900,26,26
20130123,1000,37,30
20130123,1059,38,34
20130123,1200,40,40
20130123,1300,45,39
20130123,1359,50,32
20130123,1500,45,30
20130123,1600,45,28
20130123,1659,31,27
20130123,1800,32,25
20130123,1900,35,24
20130123,1959,30,24
20130123,2100,27,23
20130123,2200,25,23
20130123,2259,30,24
20130124,0,30,21
20130124,100,31,20
20130124,159,26,20
20130124,300,30,20
20130124,400,31,18
20130124,459,30,19
20130124,600,23,17
20130124,700,25,19
20130124,759,27,29
20130124,900,37,32
20130124,1000,46,41
20130124,1059,59,38
20130124,1200,49,36
20130124,1300,54,32
20130124,1359,51,25
20130124,1500,43,18
20130124,1600,32,21
20130124,1659,35,21
20130124,1800,32,23
20130124,1900,35,19
20130124,1959,34,23
20130124,2100,30,22
20130124,2200,21,20
20130124,2259,28,18
20130125,0,29,17
20130125,100,23,17
20130125,159,27,17
20130125,300,30,19
20130125,400,31,21
20130125,459,30,15
20130125,600,34,18
20130125,700,32,28
20130125,759,36,24
20130125,900,39,21
20130125,1000,44,30
20130125,1059,45,30
20130125,1200,42,28
20130125,1300,44,9
20130125,1359,30,23
20130125,1500,38,25
20130125,1600,30,15
20130125,1659,23,16
20130125,1800,20,19
20130125,1900,19,15
20130125,1959,20,12
20130125,2100,19,17
20130125,2200,10,18
20130125,2259,11,16
20130126,0,20,16
20130126,100,22,13
20130126,159,14,15
20130126,300,21,15
20130126,400,24,15
20130126,459,20,14
20130126,600,20,14
20130126,700,17,15
20130126,759,19,22
20130126,900,24,21
20130126,1000,29,23
20130126,1059,36,28
20130126,1200,33,26
20130126,1300,35,13
20130126,1359,30,13
20130126,1500,17,14
20130126,1600,21,13
20130126,1659,16,9
20130126,1800,15,9
20130126,1900,13,10
20130126,1959,12,11
20130126,2100,11,18
20130126,2200,14,20
20130126,2259,20,19
20130127,0,25,17
20130127,100,20,17
20130127,159,21,13
20130127,300,21,9
20130127,400,13,10
20130127,459,12,11
20130127,600,14,11
20130127,700,19,16
20130127,759,12,11
20130127,900,13,16
20130127,1000,27,17
20130127,1059,26,22
20130127,1200,27,21
20130127,1300,25,25
20130127,1359,28,21
20130127,1500,17,8
20130127,1600,23,1
20130127,1659,15,3
20130127,1800,16,6
20130127,1900,14,16
20130127,1959,12,18
20130127,2100,19,19
20130127,2200,13,13
20130127,2259,18,12
20130128,0,16,14
20130128,100,18,10
20130128,159,13,18
20130128,300,25,13
20130128,400,17,12
20130128,459,16,11
20130128,600,23,14
20130128,700,16,17
20130128,759,22,18
20130128,900,21,18
20130128,1000,18,18
20130128,1059,28,23
20130128,1200,32,21
20130128,1300,28,19
20130128,1359,30,22
20130128,1500,31,20
20130128,1600,27,17
20130128,1659,21,12
20130128,1800,17,12
20130128,1900,20,11
20130128,1959,16,9
20130128,2100,7,10
20130128,2200,10,12
20130128,2259,14,9
20130129,0,18,10
20130129,100,14,9
20130129,159,17,8
20130129,300,14,10
20130129,400,17,9
20130129,459,13,11
20130129,600,16,9
20130129,700,21,13
20130129,759,16,21
20130129,900,20,15
20130129,1000,23,15
20130129,1059,22,17
20130129,1200,17,16
20130129,1300,24,21
20130129,1359,32,16
20130129,1500,26,13
20130129,1600,22,12
20130129,1659,16,10
20130129,1800,23,15
20130129,1900,20,8
20130129,1959,22,10
20130129,2100,11,15
20130129,2200,7,19
20130129,2259,8,17
20130130,0,19,12
20130130,100,17,11
20130130,159,12,11
20130130,300,13,10
20130130,400,18,10
20130130,459,11,11
20130130,600,11,10
20130130,700,19,14
20130130,759,19,18
20130130,900,20,16
20130130,1000,21,17
20130130,1059,24,24
20130130,1200,27,21
20130130,1300,29,16
20130130,1359,20,17
20130130,1500,22,20
20130130,1600,19,17
20130130,1659,24,16
20130130,1800,20,17
20130130,1900,19,18
20130130,1959,21,15
20130130,2100,19,15
20130130,2200,11,15
20130130,2259,13,13
20130131,0,15,9
20130131,100,16,11
20130131,159,19,12
20130131,300,21,12
20130131,400,17,14
20130131,459,11,12
20130131,600,21,13
20130131,700,19,19
20130131,759,24,25
20130131,900,25,22
20130131,1000,33,25
20130131,1059,33,27
20130131,1200,40,25
20130131,1300,35,24
20130131,1359,30,23
20130131,1500,32,22
20130131,1600,25,19
20130131,1659,33,22
20130131,1800,33,22
20130131,1900,24,16
20130131,1959,27,19
20130131,2100,22,20
20130131,2200,20,18
20130131,2259,24,19
20130201,0,28,17
20130201,100,23,16
20130201,159,30,20
20130201,300,22,16
20130201,400,18,13
20130201,459,22,14
20130201,600,21,14
20130201,700,20,19
20130201,759,32,27
20130201,900,29,25
20130201,1000,44,29
20130201,1059,48,30
20130201,1200,45,30
20130201,1300,49,31
20130201,1359,40,21
20130201,1500,38,20
20130201,1600,37,24
20130201,1659,30,17
20130201,1800,24,19
20130201,1900,27,26
20130201,1959,30,25
20130201,2100,27,22
20130201,2200,25,24
20130201,2259,34,24
20130202,0,28,26
20130202,100,37,22
20130202,159,35,21
20130202,300,31,21
20130202,400,29,15
20130202,459,33,17
20130202,600,28,19
20130202,700,24,18
20130202,759,28,26
20130202,900,34,24
20130202,1000,33,31
20130202,1059,47,29
20130202,1200,41,30
20130202,1300,38,24
20130202,1359,39,25
20130202,1500,36,14
20130202,1600,26,18
20130202,1659,25,14
20130202,1800,21,9
20130202,1900,23,14
20130202,1959,22,22
20130202,2100,24,17
20130202,2200,11,19
20130202,2259,14,14
20130203,0,21,17
20130203,100,20,15
20130203,159,17,16
20130203,300,27,15
20130203,400,25,15
20130203,459,24,14
20130203,600,21,21
20130203,700,22,17
20130203,759,18,16
20130203,900,26,14
20130203,1000,23,18
20130203,1059,20,20
20130203,1200,21,17
20130203,1300,21,19
20130203,1359,29,20
20130203,1500,33,23
20130203,1600,31,21
20130203,1659,25,14
20130203,1800,24,22
20130203,1900,27,14
20130203,1959,15,13
20130203,2100,17,12
20130203,2200,7,15
20130203,2259,10,12
20130204,0,13,8
20130204,100,13,10
20130204,159,14,11
20130204,300,14,11
20130204,400,14,11
20130204,459,17,11
20130204,600,14,11
20130204,700,14,17
20130204,759,23,12
20130204,900,18,14
20130204,1000,22,18
20130204,1059,22,15
20130204,1200,18,20
20130204,1300,15,22
20130204,1359,25,22
20130204,1500,22,20
20130204,1600,23,23
20130204,1659,29,22
20130204,1800,23,24
20130204,1900,28,21
20130204,1959,24,22
20130204,2100,21,21
20130204,2200,16,18
20130204,2259,25,20
20130205,0,22,16
20130205,100,22,17
20130205,159,21,16
20130205,300,21,17
20130205,400,23,15
20130205,459,20,18
20130205,600,19,18
20130205,700,28,22
20130205,759,35,26
20130205,900,28,29
20130205,1000,36,35
20130205,1059,39,38
20130205,1200,41,29
20130205,1300,38,28
20130205,1359,35,25
20130205,1500,31,23
20130205,1600,33,24
20130205,1659,29,16
20130205,1800,25,18
20130205,1900,24,19
20130205,1959,24,20
20130205,2100,22,19
20130205,2200,18,16
20130205,2259,22,19
20130206,0,26,17
20130206,100,23,18
20130206,159,19,15
20130206,300,21,15
20130206,400,31,17
20130206,459,24,16
20130206,600,25,16
20130206,700,22,22
20130206,759,27,26
20130206,900,30,24
20130206,1000,36,26
20130206,1059,40,28
20130206,1200,45,23
20130206,1300,38,20
20130206,1359,37,23
20130206,1500,31,27
20130206,1600,34,21
20130206,1659,27,18
20130206,1800,25,20
20130206,1900,29,20
20130206,1959,22,18
20130206,2100,20,19
20130206,2200,26,20
20130206,2259,25,21
20130207,0,25,19
20130207,100,28,18
20130207,159,23,19
20130207,300,21,14
20130207,400,28,17
20130207,459,23,16
20130207,600,23,16
20130207,700,20,17
20130207,759,19,22
20130207,900,28,20
20130207,1000,32,23
20130207,1059,31,25
20130207,1200,38,21
20130207,1300,34,23
20130207,1359,28,27
20130207,1500,33,21
20130207,1600,26,24
20130207,1659,40,21
20130207,1800,33,21
20130207,1900,24,25
20130207,1959,30,18
20130207,2100,17,16
20130207,2200,16,14
20130207,2259,16,14
20130208,0,24,14
20130208,100,24,15
20130208,159,21,13
20130208,300,19,13
20130208,400,22,14
20130208,459,18,12
20130208,600,20,14
20130208,700,23,14
20130208,759,20,22
20130208,900,29,18
20130208,1000,26,19
20130208,1059,30,22
20130208,1200,33,22
20130208,1300,32,19
20130208,1359,28,18
20130208,1500,24,13
20130208,1600,20,15
20130208,1659,23,17
20130208,1800,20,16
20130208,1900,21,14
20130208,1959,19,15
20130208,2100,22,14
20130208,2200,15,13
20130208,2259,16,9
20130209,0,18,11
20130209,100,16,10
20130209,159,14,10
20130209,300,20,9
20130209,400,17,14
20130209,459,17,5
20130209,600,14,8
20130209,700,13,8
20130209,759,15,10
20130209,900,12,11
20130209,1000,12,9
20130209,1059,15,12
20130209,1200,14,11
20130209,1300,15,11
20130209,1359,18,11
20130209,1500,27,13
20130209,1600,26,11
20130209,1659,31,13
20130209,1800,14,15
20130209,1900,21,12
20130209,1959,18,8
20130209,2100,15,7
20130209,2200,11,9
20130209,2259,10,10
20130210,0,12,11
20130210,100,18,12
20130210,159,14,8
20130210,300,12,9
20130210,400,13,3
20130210,459,14,7
20130210,600,14,8
20130210,700,14,7
20130210,759,14,7
20130210,900,12,15
20130210,1000,14,11
20130210,1059,24,11
20130210,1200,23,7
20130210,1300,16,12
20130210,1359,13,9
20130210,1500,14,15
20130210,1600,20,19
20130210,1659,19,9
20130210,1800,20,17
20130210,1900,21,7
20130210,1959,17,10
20130210,2100,14,9
20130210,2200,12,8
20130210,2259,17,8
20130211,0,8,6
20130211,100,12,4
20130211,159,13,5
20130211,300,9,6
20130211,400,11,6
20130211,459,12,6
20130211,600,13,9
20130211,700,16,12
20130211,759,18,17
20130211,900,20,8
20130211,1000,19,14
20130211,1059,18,13
20130211,1200,13,18
20130211,1300,24,14
20130211,1359,20,15
20130211,1500,21,8
20130211,1600,19,12
20130211,1659,16,18
20130211,1800,19,16
20130211,1900,15,8
20130211,1959,13,10
20130211,2100,10,13
20130211,2200,8,10
20130211,2259,8,4
20130212,0,11,7
20130212,100,11,11
20130212,159,13,9
20130212,300,16,7
20130212,400,18,8
20130212,459,6,8
20130212,600,11,10
20130212,700,15,12
20130212,759,24,17
20130212,900,22,12
20130212,1000,23,14
20130212,1059,15,15
20130212,1200,16,19
20130212,1300,25,21
20130212,1359,23,15
20130212,1500,23,14
20130212,1600,29,12
20130212,1659,18,13
20130212,1800,15,16
20130212,1900,14,10
20130212,1959,11,11
20130212,2100,8,11
20130212,2200,7,10
20130212,2259,11,5
20130213,0,17,8
20130213,100,12,7
20130213,159,13,7
20130213,300,13,7
20130213,400,10,6
20130213,459,10,6
20130213,600,11,8
20130213,700,8,13
20130213,759,13,17
20130213,900,20,14
20130213,1000,24,14
20130213,1059,24,23
20130213,1200,28,21
20130213,1300,28,20
20130213,1359,31,22
20130213,1500,28,10
20130213,1600,21,7
20130213,1659,16,7
20130213,1800,14,5
20130213,1900,17,9
20130213,1959,15,21
20130213,2100,18,26
20130213,2200,20,24
20130213,2259,22,22
20130214,0,26,20
20130214,100,27,27
20130214,159,19,22
20130214,300,20,19
20130214,400,21,17
20130214,459,24,15
20130214,600,22,17
20130214,700,18,18
20130214,759,22,22
20130214,900,26,15
20130214,1000,22,20
20130214,1059,22,25
20130214,1200,26,23
20130214,1300,27,19
20130214,1359,28,18
20130214,1500,27,5
20130214,1600,21,8
20130214,1659,16,9
20130214,1800,14,16
20130214,1900,18,12
20130214,1959,13,14
20130214,2100,11,17
20130214,2200,10,18
20130214,2259,18,14
20130215,0,16,10
20130215,100,15,12
20130215,159,19,12
20130215,300,15,8
20130215,400,15,9
20130215,459,15,10
20130215,600,15,13
20130215,700,21,16
20130215,759,15,15
20130215,900,21,19
20130215,1000,24,15
20130215,1059,25,21
20130215,1200,18,20
20130215,1300,26,15
20130215,1359,22,15
20130215,1500,23,8
20130215,1600,17,17
20130215,1659,19,9
20130215,1800,15,3
20130215,1900,10,6
20130215,1959,7,3
20130215,2100,6,13
20130215,2200,2,14
20130215,2259,6,8
20130216,0,13,8
20130216,100,12,3
20130216,159,13,6
20130216,300,10,8
20130216,400,7,2
20130216,459,7,15
20130216,600,8,5
20130216,700,17,6
20130216,759,9,16
20130216,900,10,14
20130216,1000,19,16
20130216,1059,19,17
20130216,1200,22,19
20130216,1300,25,9
20130217,900,16,7
20130217,1000,16,9
20130217,1059,15,13
20130217,1200,31,10
20130217,1300,25,9
20130217,1359,25,8
20130217,1500,16,8
20130217,1600,18,10
20130217,1659,14,4
20130217,1800,10,5
20130217,1900,8,7
20130217,1959,11,4
20130217,2100,10,6
20130217,2200,9,7
20130217,2259,11,6
20130218,0,10,7
20130218,100,8,8
20130218,159,12,9
20130218,300,13,7
20130218,400,20,8
20130218,459,12,6
20130218,600,12,9
20130218,700,9,8
20130218,759,9,18
20130218,900,18,13
20130218,1000,18,11
20130218,1059,15,6
20130218,1200,16,19
20130218,1300,16,15
20130218,1359,16,12
20130218,1500,15,11
20130218,1600,14,13
20130218,1659,17,8
20130218,1800,11,12
20130218,1900,13,11
20130218,1959,17,13
20130218,2100,7,12
20130218,2200,6,10
20130218,2259,8,10
20130219,0,10,10
20130219,100,17,10
20130219,159,9,9
20130219,300,18,8
20130219,400,14,9
20130219,459,14,8
20130219,600,20,9
20130219,700,8,14
20130219,759,13,19
20130219,900,17,13
20130219,1000,19,9
20130219,1059,18,17
20130219,1200,14,16
20130219,1300,22,19
20130219,1359,27,20
20130219,1500,23,15
20130219,1600,22,13
20130219,1659,15,11
20130219,1800,14,9
20130219,1900,14,10
20130219,1959,12,11
20130219,2100,9,13
20130219,2200,8,12
20130219,2259,21,13
20130220,0,17,13
20130220,100,14,11
20130220,159,18,11
20130220,300,15,12
20130220,400,18,11
20130220,459,20,13
20130220,600,18,14
20130220,700,21,16
20130220,759,17,21
20130220,900,24,14
20130220,1000,25,18
20130220,1059,25,22
20130220,1200,25,24
20130220,1300,25,22
20130220,1359,21,16
20130220,1500,21,15
20130220,1600,24,17
20130220,1659,16,11
20130220,1800,17,10
20130220,1900,20,12
20130220,1959,14,18
20130220,2100,14,15
20130220,2200,13,14
20130220,2259,17,13
20130221,0,17,14
20130221,100,19,14
20130221,159,13,12
20130221,300,17,11
20130221,400,16,12
20130221,459,16,11
20130221,600,14,13
20130221,700,18,16
20130221,759,24,21
20130221,900,25,19
20130221,1000,27,20
20130221,1059,18,16
20130221,1200,14,18
20130221,1300,21,24
20130221,1359,33,14
20130221,1500,25,19
20130221,1600,24,17
20130221,1659,24,21
20130221,1800,26,15
20130221,1900,14,19
20130221,1959,15,15
20130221,2100,17,20
20130221,2200,13,21
20130221,2259,23,14
20130222,0,24,15
20130222,100,21,17
20130222,159,21,14
20130222,300,17,11
20130222,400,13,13
20130222,459,23,13
20130222,600,14,15
20130222,700,21,21
20130222,759,24,26
20130222,900,26,15
20130222,1000,29,20
20130222,1059,21,27
20130222,1200,23,26
20130222,1300,27,21
20130222,1359,26,16
20130222,1500,23,17
20130222,1600,24,19
20130222,1659,17,17
20130222,1800,19,16
20130222,1900,17,17
20130222,1959,19,52
20130222,2100,44,55
20130222,2200,52,34
20130222,2259,37,42
20130223,0,47,40
20130223,100,50,43
20130223,159,47,36
20130223,300,42,26
20130223,400,30,28
20130223,459,33,28
20130223,600,30,27
20130223,700,27,29
20130223,759,26,21
20130223,900,25,23
20130223,1000,32,22
20130223,1059,35,23
20130223,1200,31,21
20130223,1300,30,15
20130223,1359,23,16
20130223,1500,18,12
20130223,1600,21,12
20130223,1659,13,4
20130223,1800,15,9
20130223,1900,18,6
20130223,1959,11,10
20130223,2100,6,8
20130223,2200,5,7
20130223,2259,10,11
20130224,0,10,8
20130224,100,11,8
20130224,159,15,7
20130224,300,19,5
20130224,400,15,6
20130224,459,13,8
20130224,600,11,8
20130224,700,12,8
20130224,759,12,13
20130224,900,13,8
20130224,1000,15,6
20130224,1059,19,13
20130224,1200,11,14
20130224,1300,18,9
20130224,1359,18,12
20130224,1500,25,16
20130224,1600,24,14
20130224,1659,20,10
20130224,1800,15,7
20130224,1900,15,16
20130224,1959,14,16
20130224,2100,10,14
20130224,2200,9,13
20130224,2259,21,13
20130225,0,19,10
20130225,100,22,11
20130225,159,13,11
20130225,300,13,10
20130225,400,15,11
20130225,459,18,10
20130225,600,13,11
20130225,700,14,16
20130225,759,22,19
20130225,900,27,14
20130225,1000,28,11
20130225,1059,17,22
20130225,1200,10,17
20130225,1300,12,17
20130225,1359,15,14
20130225,1500,19,12
20130225,1600,21,18
20130225,1659,19,14
20130225,1800,19,15
20130225,1900,12,15
20130225,1959,15,17
20130225,2100,16,18
20130225,2200,8,15
20130225,2259,22,15
20130226,0,26,15
20130226,100,24,13
20130226,159,14,11
20130226,300,15,13
20130226,400,16,12
20130226,459,16,13
20130226,600,18,11
20130226,700,14,22
20130226,759,22,17
20130226,900,17,17
20130226,1000,20,16
20130226,1059,27,22
20130226,1200,20,27
20130226,1300,31,23
20130226,1359,29,23
20130226,1500,25,20
20130226,1600,24,21
20130226,1659,26,19
20130226,1800,23,17
20130226,1900,24,12
20130226,1959,20,17
20130226,2100,22,16
20130226,2200,18,18
20130226,2259,24,20
20130227,0,20,17
20130227,100,21,14
20130227,159,14,16
20130227,300,23,13
20130227,400,17,14
20130227,459,23,14
20130227,600,14,15
20130227,700,19,17
20130227,759,28,26
20130227,900,28,24
20130227,1000,35,22
20130227,1059,30,25
20130227,1200,21,22
20130227,1300,34,28
20130227,1359,38,22
20130227,1500,31,20
20130227,1600,28,23
20130227,1659,29,15
20130227,1800,22,18
20130227,1900,20,11
20130227,1959,18,16
20130227,2100,15,21
20130227,2200,15,21
20130227,2259,20,18
20130228,0,27,16
20130228,100,19,14
20130228,159,20,15
20130228,300,20,15
20130228,400,21,13
20130228,459,20,14
20130228,600,15,13
20130228,700,24,21
20130228,759,20,24
20130228,900,29,24
20130228,1000,33,30
20130228,1059,31,30
20130228,1200,36,30
20130228,1300,37,22
20130228,1359,30,21
20130228,1500,34,16
20130228,1600,19,14
20130228,1659,19,12
20130228,1800,17,15
20130228,1900,19,7
20130228,1959,13,16
20130228,2100,14,11
20130228,2200,15,8
20130228,2259,13,13
20130301,0,14,10
20130301,100,13,12
20130301,159,14,11
20130301,300,17,12
20130301,400,14,9
20130301,459,18,6
20130301,600,20,11
20130301,700,12,12
20130301,759,11,15
20130301,900,18,10
20130301,1000,21,12
20130301,1059,16,19
20130301,1200,20,17
20130301,1300,24,7
20130301,1359,14,10
20130301,1500,13,9
20130301,1600,19,10
20130301,1659,14,8
20130301,1800,11,5
20130301,1900,11,8
20130301,1959,12,8
20130301,2100,7,9
20130301,2200,3,9
20130301,2259,4,7
20130302,0,17,11
20130302,100,10,8
20130302,159,18,9
20130302,300,15,10
20130302,400,17,7
20130302,459,13,7
20130302,600,11,8
20130302,700,11,9
20130302,759,12,13
20130302,900,13,5
20130302,1000,17,3
20130302,1059,10,16
20130302,1200,10,11
20130302,1300,11,12
20130302,1359,11,10
20130302,1500,14,14
20130302,1600,18,13
20130302,1659,17,11
20130302,1800,14,10
20130303,1300,21,14
20130303,1359,25,13
20130303,1500,19,14
20130303,1600,18,12
20130303,1659,21,11
20130303,1800,16,13
20130303,1900,12,19
20130303,1959,18,11
20130303,2100,13,17
20130303,2200,15,16
20130303,2259,23,14
20130304,0,19,17
20130304,100,23,12
20130304,159,15,11
20130304,300,22,13
20130304,400,12,11
20130304,459,12,12
20130304,600,14,9
20130304,700,17,25
20130304,759,27,25
20130304,900,28,16
20130304,1000,35,9
20130304,1059,18,26
20130304,1200,17,30
20130304,1300,33,18
20130304,1359,24,14
20130304,1500,30,26
20130304,1600,35,20
20130304,1659,29,23
20130304,1800,28,18
20130304,1900,21,20
20130304,1959,19,24
20130304,2100,18,23
20130304,2200,16,18
20130304,2259,22,18
20130305,0,21,18
20130305,100,28,17
20130305,159,23,15
20130305,300,24,15
20130305,400,18,15
20130305,459,25,14
20130305,600,15,17
20130305,700,17,21
20130305,759,27,27
20130305,900,29,17
20130305,1000,27,17
20130305,1059,25,32
20130305,1200,32,36
20130305,1300,48,32
20130305,1359,41,21
20130305,1500,32,18
20130305,1600,23,24
20130305,1659,19,18
20130305,1800,16,15
20130305,1900,19,13
20130305,1959,22,15
20130305,2100,19,14
20130305,2200,19,12
20130305,2259,19,10
20130306,0,17,10
20130306,100,16,9
20130306,159,18,9
20130306,300,15,8
20130306,400,13,6
20130306,459,18,14
20130306,600,14,14
20130306,700,20,13
20130306,759,24,15
20130306,900,20,16
20130306,1000,27,18
20130306,1059,37,22
20130306,1200,34,20
20130306,1300,37,24
20130306,1359,38,24
20130306,1500,39,19
20130306,1600,35,14
20130306,1659,26,16
20130306,1800,21,12
20130306,1900,21,9
20130306,1959,24,15
20130306,2100,14,20
20130306,2200,13,17
20130306,2259,14,12
20130307,0,22,11
20130307,100,13,11
20130307,159,14,10
20130307,300,17,11
20130307,400,15,14
20130307,459,18,13
20130307,600,19,13
20130307,700,16,18
20130307,759,23,41
20130307,900,51,25
20130307,1000,30,18
20130307,1059,26,19
20130307,1200,26,20
20130307,1300,29,21
20130307,1359,32,25
20130307,1500,36,32
20130307,1600,40,22
20130307,1659,38,22
20130307,1800,31,12
20130307,1900,22,18
20130307,1959,20,20
20130307,2100,19,18
20130307,2200,17,19
20130307,2259,16,17
20130308,0,16,18
20130308,100,25,19
20130308,159,29,15
20130308,300,21,21
20130308,400,20,14
20130308,459,23,20
20130308,600,28,17
20130308,700,20,28
20130308,759,26,26
20130308,900,30,32
20130308,1000,36,33
20130308,1059,44,21
20130308,1200,34,15
20130308,1300,35,34
20130308,1359,36,33
20130308,1500,47,32
20130308,1600,52,23
20130308,1659,44,26
20130308,1800,39,18
20130308,1900,30,18
20130308,1959,25,26
20130308,2100,27,25
20130308,2200,25,31
20130308,2259,30,28
20130309,0,37,25
20130309,100,33,25
20130309,159,23,24
20130309,300,27,22
20130309,400,27,20
20130309,459,30,20
20130309,600,20,19
20130309,700,23,19
20130309,759,28,25
20130309,900,24,18
20130309,1000,33,15
20130309,1059,27,28
20130309,1200,31,25
20130309,1300,33,24
20130309,1359,35,30
20130309,1500,44,17
20130309,1600,28,14
20130309,1659,24,7
20130309,1800,18,7
20130309,1900,21,18
20130309,1959,12,20
20130309,2100,13,19
20130309,2200,14,20
20130309,2259,19,19
20130310,0,21,24
20130310,100,33,23
20130310,159,21,21
20130310,300,27,14
20130310,400,25,16
20130310,459,24,17
20130310,600,17,16
20130310,700,24,13
20130310,759,19,15
20130310,900,17,11
20130310,1000,24,14
20130310,1059,17,20
20130310,1200,17,18
20130310,1300,24,23
20130310,1359,34,22
20130310,1500,29,15
20130310,1600,21,12
20130310,1659,20,13
20130310,1800,17,8
20130310,1900,17,15
20130310,1959,15,12
20130310,2100,13,17
20130310,2200,18,16
20130310,2259,25,15
20130311,0,22,16
20130311,100,16,12
20130311,159,17,10
20130311,300,16,8
20130311,400,23,8
20130311,459,13,8
20130311,600,13,9
20130311,700,19,19
20130311,759,23,20
20130311,900,20,14
20130311,1000,26,14
20130311,1059,24,12
20130311,1200,15,16
20130311,1659,15,15
20130311,1800,16,19
20130311,1900,17,11
20130311,1959,24,14
20130311,2100,10,16
20130311,2200,13,12
20130311,2259,13,9
20130312,0,13,9
20130312,100,16,7
20130312,159,14,5
20130312,300,11,6
20130312,400,10,4
20130312,459,17,7
20130312,600,11,8
20130312,700,20,16
20130312,759,19,30
20130312,900,30,15
20130312,1000,25,16
20130312,1059,15,19
20130312,1200,19,29
20130312,1300,29,22
20130312,1359,29,14
20130312,1500,25,26
20130312,1600,36,7
20130312,1659,24,13
20130312,1800,17,4
20130312,1900,19,9
20130312,1959,12,16
20130312,2100,20,13
20130312,2200,21,24
20130312,2259,19,9
20130313,0,23,10
20130313,100,20,9
20130313,159,23,9
20130313,300,16,8
20130313,400,15,8
20130313,459,14,10
20130313,600,24,11
20130313,700,16,17
20130313,759,26,37
20130313,900,31,16
20130313,1000,31,10
20130313,1059,27,19
20130313,1200,22,27
20130313,1300,34,23
20130313,1359,28,18
20130313,1500,23,14
20130313,1600,25,10
20130313,1659,22,7
20130313,1800,20,10
20130313,1900,21,11
20130313,1959,18,9
20130313,2100,11,11
20130313,2200,13,12
20130313,2259,24,11
20130314,0,16,13
20130314,100,19,10
20130314,159,14,10
20130314,300,13,8
20130314,400,14,7
20130314,459,20,9
20130314,600,18,12
20130314,700,20,15
20130314,759,15,29
20130314,900,21,14
20130314,1000,24,23
20130314,1059,34,28
20130314,1200,32,23
20130314,1300,31,19
20130314,1359,28,11
20130314,1500,21,8
20130314,1600,18,12
20130314,1659,18,14
20130314,1800,19,15
20130314,1900,18,5
20130314,1959,14,15
20130314,2100,13,17
20130314,2200,14,15
20130314,2259,23,12
20130315,0,18,13
20130315,100,21,14
20130315,159,15,8
20130315,300,16,10
20130315,400,14,7
20130315,459,14,9
20130315,600,13,11
20130315,700,14,17
20130315,759,26,32
20130315,900,22,18
20130315,1000,29,15
20130315,1059,19,22
20130315,1200,22,13
20130315,1300,14,32
20130315,1359,24,34
20130315,1500,40,21
20130315,1600,25,22
20130315,1659,30,11
20130315,1800,21,16
20130315,1900,18,18
20130315,1959,24,26
20130315,2100,25,34
20130315,2200,33,19
20130315,2259,30,25
20130316,0,24,19
20130316,100,29,18
20130316,159,30,16
20130316,300,26,20
20130316,400,16,11
20130316,459,19,19
20130316,600,18,8
20130316,700,18,16
20130316,759,18,26
20130316,900,24,15
20130316,1000,26,20
20130316,1059,22,34
20130316,1200,34,53
20130316,1300,46,49
20130316,1359,58,39
20130316,1500,34,31
20130316,1600,34,22
20130316,1659,29,21
20130316,1800,25,23
20130316,1900,26,21
20130316,1959,22,29
20130316,2100,18,16
20130316,2200,19,29
20130316,2259,26,21
20130317,0,31,28
20130317,100,35,20
20130317,159,24,22
20130317,300,31,22
20130317,400,28,18
20130317,459,27,21
20130317,600,27,21
20130317,700,24,20
20130317,759,30,30
20130317,900,26,21
20130317,1000,24,20
20130317,1059,33,25
20130317,1200,30,30
20130317,1300,28,34
20130317,1359,32,25
20130317,1500,33,23
20130317,1600,33,22
20130317,1659,29,12
20130317,1800,26,13
20130317,1900,20,19
20130317,1959,20,20
20130317,2100,20,22
20130317,2200,22,22
20130317,2259,28,19
20130318,0,28,19
20130318,100,25,19
20130318,159,25,17
20130318,300,22,16
20130318,400,18,16
20130318,459,31,18
20130318,600,22,20
20130318,700,25,26
20130318,759,31,49
20130318,900,36,36
20130318,1000,38,19
20130318,1059,30,38
20130318,1200,38,49
20130318,1300,53,35
20130318,1359,43,30
20130318,1500,37,30
20130318,1600,44,31
20130318,1659,39,25
20130318,1800,29,16
20130318,1900,27,25
20130318,1959,27,21
20130318,2100,24,21
20130318,2200,26,21
20130318,2259,30,21
20130319,0,22,20
20130319,100,31,21
20130319,159,25,20
20130319,300,27,19
20130319,400,26,19
20130319,459,23,21
20130319,600,31,22
20130319,700,24,27
20130319,759,40,49
20130319,900,41,39
20130319,1000,43,27
20130319,1059,42,36
20130319,1200,49,49
20130319,1300,54,43
20130319,1359,57,28
20130319,1500,43,27
20130319,1600,34,29
20130319,1659,36,19
20130319,1800,29,27
20130319,1900,31,23
20130319,1959,29,25
20130319,2100,26,22
20130319,2200,29,20
20130319,2259,25,18
20130320,0,29,21
20130320,100,32,20
20130320,159,24,20
20130320,300,29,19
20130320,400,23,19
20130320,459,26,22
20130320,600,30,20
20130320,700,22,28
20130320,759,33,40
20130320,900,44,32
20130320,1000,42,37
20130320,1059,41,46
20130320,1200,50,33
20130320,1300,44,37
20130320,1359,50,30
20130320,1500,45,31
20130320,1600,50,26
20130320,1659,44,17
20130320,1800,33,10
20130320,1900,23,15
20130320,1959,18,19
20130320,2100,22,16
20130320,2200,15,20
20130320,2259,30,17
20130321,0,30,16
20130321,100,25,12
20130321,159,21,13
20130321,300,23,13
20130321,400,20,13
20130321,459,21,13
20130321,600,23,18
20130321,700,21,21
20130321,759,29,37
20130321,900,30,12
20130321,1000,22,24
20130321,1059,26,26
20130321,1200,25,33
20130321,1300,41,35
20130321,1359,41,26
20130321,1500,38,27
20130321,1600,41,21
20130321,1659,35,27
20130321,1800,30,17
20130321,1900,28,18
20130321,1959,24,22
20130321,2100,23,17
20130321,2200,28,18
20130321,2259,21,15
20130322,0,28,16
20130322,100,24,18
20130322,159,21,15
20130322,300,19,14
20130322,400,17,13
20130322,459,25,14
20130322,600,23,17
20130322,700,21,25
20130322,759,34,43
20130322,900,40,25
20130322,1000,39,21
20130322,1059,25,22
20130322,1200,26,38
20130322,1300,35,38
20130322,1359,47,24
20130322,1500,38,32
20130322,1600,40,17
20130322,1659,33,26
20130322,1800,33,12
20130322,1900,21,18
20130322,1959,24,21
20130322,2100,19,25
20130322,2200,24,27
20130322,2259,37,29
20130323,0,37,26
20130323,100,40,21
20130323,159,27,19
20130323,300,29,18
20130323,400,26,18
20130323,459,28,16
20130323,600,24,16
20130323,700,27,19
20130323,759,20,30
20130323,900,28,21
20130323,1000,28,13
20130323,1059,25,30
20130323,1200,24,30
20130323,1300,31,31
20130323,1359,43,25
20130323,1500,32,27
20130323,1600,35,25
20130323,1659,32,17
20130323,1800,23,15
20130323,1900,26,15
20130323,1959,21,18
20130323,2100,17,22
20130323,2200,21,23
20130323,2259,28,24
20130324,0,32,24
20130324,100,30,22
20130324,159,35,22
20130324,300,31,20
20130324,400,32,19
20130324,459,25,18
20130324,600,22,21
20130324,700,31,15
20130324,759,25,30
20130324,900,28,16
20130324,1000,31,24
20130324,1059,34,25
20130324,1200,30,33
20130324,1300,29,20
20130324,1359,33,27
20130324,1500,31,27
20130324,1600,39,22
20130324,1659,26,9
20130324,1800,17,16
20130324,1900,25,15
20130324,1959,20,15
20130324,2100,19,19
20130324,2200,20,18
20130324,2259,27,13
20130325,0,18,11
20130325,100,21,10
20130325,159,20,11
20130325,300,15,11
20130325,400,18,11
20130325,459,15,10
20130325,600,17,13
20130325,700,15,21
20130325,759,24,39
20130325,900,30,27
20130325,1000,33,6
20130325,1059,25,22
20130325,1200,21,31
20130325,1300,31,24
20130325,1359,27,16
20130325,1500,26,18
20130325,1600,31,22
20130325,1659,26,14
20130325,1800,22,2
20130325,1900,13,14
20130325,1959,12,14
20130325,2100,14,9
20130325,2200,25,18
20130325,2259,19,18
20130326,0,11,6
20130326,100,12,14
20130326,159,15,5
20130326,300,15,9
20130326,400,13,8
20130326,459,14,9
20130326,600,20,10
20130326,700,14,21
20130326,759,20,35
20130326,900,30,21
20130326,1000,31,10
20130326,1059,30,20
20130326,1200,20,19
20130326,1300,17,27
20130326,1359,19,17
20130326,1500,20,16
20130326,1600,21,16
20130326,1659,18,16
20130326,1800,18,18
20130326,1900,22,23
20130326,1959,20,31
20130326,2100,20,29
20130326,2200,32,22
20130326,2259,29,19
20130327,0,29,20
20130327,100,21,19
20130327,159,22,15
20130327,300,25,15
20130327,400,18,9
20130327,459,18,10
20130327,600,20,21
20130327,700,17,22
20130327,759,30,35
20130327,900,47,34
20130327,1000,37,24
20130327,1059,29,26
20130327,1200,26,30
20130327,1300,33,34
20130327,1359,35,34
20130327,1500,40,26
20130327,1600,39,41
20130327,1659,44,43
20130327,1800,41,28
20130327,1900,33,22
20130327,1959,35,33
20130327,2100,31,38
20130327,2200,32,31
20130327,2259,41,29
20130328,0,36,25
20130328,100,33,24
20130328,159,28,20
20130328,300,31,16
20130328,400,25,23
20130328,459,25,17
20130328,600,27,14
20130328,700,28,22
20130328,759,31,41
20130328,900,38,31
20130328,1000,38,32
20130328,1059,38,35
20130328,1200,36,46
20130328,1300,50,61
20130328,1359,64,38
20130328,1500,52,25
20130328,1600,42,27
20130328,1659,32,19
20130328,1800,23,21
20130328,1900,30,26
20130328,1959,28,25
20130328,2100,32,28
20130328,2200,38,27
20130328,2259,41,25
20130329,0,32,26
20130329,100,35,26
20130329,159,36,22
20130329,300,31,23
20130329,400,29,24
20130329,459,33,22
20130329,600,30,18
20130329,700,25,19
20130329,759,33,36
20130329,900,25,36
20130329,1000,42,53
20130329,1059,65,51
20130329,1200,69,48
20130329,1300,67,41
20130329,1359,59,47
20130329,1500,64,28
20130329,1600,60,13
20130329,1659,37,17
20130329,1800,33,20
20130329,1900,26,19
20130329,1959,20,20
20130329,2100,18,19
20130329,2200,18,17
20130329,2259,25,19
20130330,0,23,19
20130330,100,30,17
20130330,159,19,20
20130330,300,23,20
20130330,400,30,18
20130330,459,27,19
20130330,600,25,22
20130330,700,32,18
20130330,759,21,31
20130330,900,31,26
20130330,1000,35,29
20130330,1059,38,30
20130330,1200,35,26
20130330,1300,39,26
20130330,1359,39,37
20130330,1500,41,31
20130330,1600,49,28
20130330,1659,43,22
20130330,1800,40,23
20130330,1900,35,23
20130330,1959,37,23
20130330,2100,33,27
20130330,2200,38,20
20130330,2259,35,21
20130331,0,40,24
20130331,100,49,25
20130331,159,36,25
20130331,300,40,26
20130331,400,38,26
20130331,459,40,28
20130331,600,44,29
20130331,700,42,28
20130331,759,40,32
20130331,900,44,37
20130331,1000,48,41
20130331,1059,56,35
20130331,1200,57,30
20130331,1300,50,27
20130331,1359,43,23
20130331,1500,48,39
20130331,1600,49,25
20130331,1659,45,15
20130331,1800,36,18
20130331,1900,27,17
20130331,1959,21,15
20130331,2100,23,16
20130331,2200,29,16
20130331,2259,39,16
20130401,0,29,15
20130401,100,29,17
20130401,159,25,10
20130401,300,26,10
20130401,400,29,13
20130401,459,28,14
20130401,600,27,14
20130401,700,30,15
20130401,759,33,21
20130401,900,33,21
20130401,1000,32,16
20130401,1059,35,28
20130401,1200,43,31
20130401,1300,45,29
20130401,1359,39,25
20130401,1500,54,16
20130401,1600,53,24
20130401,1659,44,26
20130401,1800,37,12
20130401,1900,29,22
20130401,1959,31,26
20130401,2100,28,19
20130401,2200,22,18
20130401,2259,22,12
20130402,0,24,11
20130402,100,21,5
20130402,159,21,9
20130402,300,19,5
20130402,400,16,8
20130402,459,18,12
20130402,600,22,9
20130402,700,21,9
20130402,759,20,22
20130402,900,24,22
20130402,1000,26,16
20130402,1059,29,20
20130402,1200,32,26
20130402,1500,35,14
20130402,1600,41,11
20130402,1659,28,14
20130402,1800,26,15
20130402,1900,24,21
20130402,1959,16,18
20130402,2100,15,23
20130402,2200,24,18
20130402,2259,27,16
20130403,0,17,12
20130403,100,21,13
20130403,159,20,12
20130403,300,22,10
20130403,400,19,8
20130403,459,16,9
20130403,600,18,14
20130403,700,20,16
20130403,759,27,30
20130403,900,30,35
20130403,1000,29,18
20130403,1059,26,25
20130403,1200,25,26
20130403,1300,32,34
20130403,1359,46,18
20130403,1500,35,15
20130403,1600,32,14
20130403,1659,31,19
20130403,1800,28,20
20130403,1900,28,23
20130403,1959,25,26
20130403,2100,26,27
20130403,2200,30,27
20130403,2259,31,22
20130404,0,33,25
20130404,100,22,22
20130404,159,32,21
20130404,300,33,23
20130404,400,25,20
20130404,459,31,20
20130404,600,28,22
20130404,700,29,21
20130404,759,32,41
20130404,900,40,60
20130404,1000,56,51
20130404,1059,62,53
20130404,1200,68,51
20130404,1300,69,48
20130404,1359,70,46
20130404,1500,66,33
20130404,1600,54,42
20130404,1659,54,28
20130404,1800,38,25
20130404,1900,39,24
20130404,1959,33,26
20130404,2100,32,24
20130404,2200,36,25
20130404,2259,35,26
20130405,0,40,26
20130405,100,35,24
20130405,159,37,22
20130405,300,37,21
20130405,400,37,16
20130405,459,32,19
20130405,600,28,19
20130405,700,30,18
20130405,759,29,42
20130405,900,40,49
20130405,1000,42,47
20130405,1059,56,48
20130405,1200,58,40
20130405,1300,61,38
20130405,1359,59,23
20130405,1500,48,4
20130405,1600,39,16
20130405,1659,33,34
20130405,1800,46,26
20130405,1900,39,32
20130405,1959,41,24
20130405,2100,29,21
20130405,2200,30,21
20130405,2259,30,22
20130406,0,36,19
20130406,100,28,19
20130406,159,33,20
20130406,300,40,20
20130406,400,32,15
20130406,459,30,15
20130406,600,28,17
20130406,700,27,13
20130406,759,24,29
20130406,900,27,21
20130406,1000,29,28
20130406,1059,33,28
20130406,1200,42,24
20130406,1300,38,27
20130406,1500,47,24
20130406,1600,48,22
20130406,1659,44,16
20130406,1800,36,14
20130406,1900,25,23
20130406,1959,23,24
20130406,2100,31,28
20130406,2200,29,26
20130406,2259,34,27
20130407,0,37,27
20130407,100,33,19
20130407,159,28,20
20130407,300,23,17
20130407,400,25,17
20130407,459,26,18
20130407,600,26,20
20130407,700,26,17
20130407,759,25,25
20130407,900,23,21
20130407,1000,17,14
20130407,1059,18,18
20130407,1200,22,24
20130407,1300,27,19
20130407,1359,36,16
20130407,1500,33,20
20130408,0,23,11
20130408,100,28,10
20130408,159,22,12
20130408,300,17,12
20130408,400,20,9
20130408,459,19,11
20130408,600,21,11
20130408,700,25,17
20130408,759,22,35
20130408,900,31,28
20130408,1000,28,13
20130408,1059,21,17
20130408,1200,22,25
20130408,1300,25,25
20130408,1359,30,30
20130408,1500,39,10
20130408,1600,26,19
20130408,1659,23,12
20130408,1800,20,16
20130408,1900,22,21
20130408,1959,20,18
20130408,2100,15,23
20130408,2200,20,17
20130408,2259,22,21
20130409,0,21,12
20130409,100,23,11
20130409,159,17,10
20130409,300,20,10
20130409,400,23,12
20130409,459,12,9
20130409,600,15,15
20130409,700,23,19
20130409,759,20,33
20130409,900,33,39
20130409,1000,37,38
20130409,1059,44,41
20130409,1200,47,43
20130409,1300,47,39
20130409,1359,50,40
20130409,1500,56,40
20130409,1600,59,40
20130409,1659,63,43
20130409,1800,59,35
20130409,1900,50,38
20130409,1959,46,38
20130409,2100,47,36
20130409,2200,51,27
20130409,2259,41,24
20130410,0,37,19
20130410,100,36,22
20130410,159,33,21
20130410,300,30,23
20130410,400,36,26
20130410,459,37,20
20130410,600,36,30
20130410,700,40,31
20130410,759,41,41
20130410,900,44,39
20130410,1000,49,43
20130410,1059,52,44
20130410,1200,65,36
20130410,1300,61,13
20130410,1359,46,10
20130410,1500,33,16
20130410,1600,36,8
20130410,1659,27,8
20130410,1800,18,13
20130410,1900,18,22
20130410,1959,19,25
20130410,2100,25,24
20130410,2200,29,17
20130410,2259,22,17
20130411,0,28,14
20130411,100,29,15
20130411,159,17,13
20130411,300,26,16
20130411,400,22,13
20130411,459,18,12
20130411,600,18,12
20130411,700,24,16
20130411,759,21,25
20130411,900,28,39
20130411,1000,34,24
20130411,1059,32,30
20130411,1200,35,27
20130411,1300,39,29
20130411,1359,41,26
20130411,1500,42,17
20130411,1600,39,21
20130411,1659,45,18
20130411,1800,32,22
20130411,1900,29,10
20130411,1959,24,13
20130411,2100,24,17
20130411,2200,25,17
20130411,2259,26,16
20130412,0,26,13
20130412,100,24,15
20130412,159,22,11
20130412,300,29,12
20130412,400,27,12
20130412,459,30,13
20130412,600,29,11
20130412,700,31,17
20130412,759,36,27
20130412,900,33,37
20130412,1000,39,17
20130412,1059,36,26
20130412,1200,39,27
20130412,1300,45,28
20130412,1359,43,29
20130412,1500,50,17
20130412,1600,52,25
20130412,1659,47,25
20130412,1800,48,20
20130412,1900,33,35
20130412,1959,32,30
20130412,2100,34,31
20130412,2200,40,39
20130412,2259,50,30
20130413,0,43,28
20130413,100,39,24
20130413,159,31,23
20130413,300,39,18
20130413,400,33,16
20130413,459,32,15
20130413,600,29,13
20130413,700,25,14
20130413,759,19,25
20130413,900,25,11
20130413,1000,25,21
20130413,1059,25,22
20130413,1200,34,25
20130413,1300,35,31
20130413,1359,36,23
20130413,1500,41,16
20130413,1600,37,29
20130413,1659,39,12
20130413,1800,31,27
20130413,1900,28,26
20130413,1959,36,36
20130413,2100,34,34
20130413,2200,41,36
20130413,2259,48,29
20130414,0,43,28
20130414,100,35,22
20130414,159,36,23
20130414,300,30,16
20130414,400,32,17
20130414,459,26,13
20130414,600,24,9
20130414,700,23,13
20130414,759,20,16
20130414,900,17,12
20130414,1000,12,5
20130414,1059,15,15
20130414,1200,18,16
20130414,1300,16,20
20130414,1359,20,18
20130414,1500,29,22
20130414,1600,25,15
20130414,1659,21,27
20130414,1800,23,32
20130414,1900,30,35
20130414,1959,29,28
20130414,2100,36,31
20130414,2200,44,30
20130414,2259,31,18
20130415,0,28,23
20130415,100,27,18
20130415,159,24,10
20130415,300,19,13
20130415,400,23,17
20130415,459,25,10
20130415,600,18,14
20130415,700,19,22
20130415,759,25,31
20130415,900,38,31
20130415,1000,35,27
20130415,1059,34,33
20130415,1200,28,32
20130415,1300,41,24
20130415,1359,31,30
20130415,1500,40,40
20130415,1600,40,27
20130415,1659,39,28
20130415,1800,29,33
20130415,1900,26,37
20130415,1959,31,38
20130415,2100,34,32
20130415,2200,37,37
20130415,2259,36,26
20130416,0,43,25
20130416,100,29,21
20130416,159,26,14
20130416,300,27,12
20130416,400,27,20
20130416,459,17,19
20130416,600,22,16
20130416,700,25,26
20130416,759,31,39
20130416,900,46,38
20130416,1000,53,38
20130416,1059,42,31
20130416,1200,42,30
20130416,1300,43,36
20130416,1359,49,63
20130416,1500,67,60
20130416,1600,70,32
20130416,1659,60,54
20130416,1800,54,37
20130416,1900,39,40
20130416,1959,33,33
20130416,2259,46,38
20130417,0,44,33
20130417,100,49,32
20130417,159,37,29
20130417,300,47,27
20130417,400,39,23
20130417,459,42,25
20130417,600,44,20
20130417,700,33,21
20130417,759,32,37
20130417,900,47,59
20130417,1000,61,33
20130417,1059,52,41
20130417,1200,42,43
20130417,1300,52,49
20130417,1359,61,41
20130417,1500,56,48
20130417,1600,60,54
20130417,1659,68,56
20130417,1800,62,49
20130417,1900,51,47
20130417,1959,44,42
20130417,2100,47,39
20130417,2200,57,47
20130417,2259,59,42
20130418,0,51,35
20130418,100,48,31
20130418,159,41,27
20130418,300,38,22
20130418,400,40,27
20130418,459,44,26
20130418,600,45,26
20130418,700,43,28
20130418,759,46,47
20130418,900,53,41
20130418,1000,56,41
20130418,1059,53,48
20130418,1200,59,50
20130418,1300,64,62
20130418,1359,73,80
20130418,1500,93,50
20130418,1600,76,33
20130418,1659,59,30
20130418,1800,55,39
20130418,1900,51,40
20130418,1959,39,37
20130418,2100,39,38
20130418,2200,49,34
20130418,2259,50,38
20130419,0,52,28
20130419,100,39,17
20130419,159,39,19
20130419,300,28,17
20130419,400,27,13
20130419,459,26,13
20130419,600,25,15
20130419,700,20,17
20130419,759,29,34
20130419,900,42,39
20130419,1000,46,52
20130419,1059,52,68
20130419,1200,78,58
20130419,1300,72,53
20130419,1359,68,40
20130419,1500,52,43
20130419,1600,53,18
20130419,1659,44,23
20130419,1800,50,19
20130419,1900,37,24
20130419,1959,30,26
20130419,2100,34,20
20130419,2200,40,23
20130419,2259,41,26
20130420,0,47,24
20130420,100,39,26
20130420,159,43,38
20130420,300,48,30
20130420,400,52,27
20130420,459,47,27
20130420,600,43,31
20130420,700,48,30
20130420,759,42,27
20130420,900,42,31
20130420,1000,49,37
20130420,1059,52,29
20130420,1200,53,36
20130420,1300,66,30
20130420,1359,57,23
20130420,1500,52,22
20130420,1600,52,31
20130420,1659,62,24
20130420,1800,54,18
20130420,1900,40,18
20130420,1959,26,15
20130420,2100,29,21
20130420,2200,38,19
20130420,2259,35,27
20130421,0,47,34
20130421,100,53,28
20130421,159,57,24
20130421,300,57,21
20130421,400,55,16
20130421,459,48,20
20130421,600,50,16
20130421,700,41,15
20130421,759,43,15
20130421,900,38,29
20130421,1000,37,26
20130421,1059,40,28
20130421,1200,47,23
20130421,1300,46,30
20130421,1359,47,24
20130421,1500,51,25
20130421,1600,54,8
20130421,1659,33,9
20130421,1800,19,11
20130421,1900,24,14
20130421,1959,12,12
20130421,2100,20,12
20130421,2200,26,14
20130421,2259,21,13
20130422,0,22,11
20130422,100,19,11
20130422,159,17,10
20130422,300,24,9
20130422,400,23,11
20130422,459,28,12
20130422,600,17,12
20130422,700,23,16
20130422,759,24,28
20130422,900,34,34
20130422,1000,35,30
20130422,1059,30,25
20130422,1200,32,17
20130422,1300,28,12
20130422,1359,22,11
20130422,1500,29,23
20130422,1600,31,23
20130422,1659,42,22
20130422,1800,38,22
20130422,1900,31,26
20130422,1959,28,29
20130422,2100,37,26
20130422,2200,37,25
20130422,2259,44,20
20130423,0,36,22
20130423,100,32,20
20130423,159,37,17
20130423,300,30,18
20130423,400,28,18
20130423,459,32,14
20130423,600,28,17
20130423,700,28,23
20130423,759,36,43
20130423,900,46,32
20130423,1000,46,31
20130423,1059,38,28
20130423,1200,42,32
20130423,1300,46,29
20130423,1359,45,34
20130423,1500,51,42
20130423,1600,64,34
20130423,1659,57,32
20130423,1800,50,30
20130423,1900,42,34
20130423,1959,33,33
20130423,2100,34,29
20130423,2200,45,30
20130423,2259,42,32
20130424,0,43,30
20130424,100,41,26
20130424,159,37,28
20130424,300,42,21
20130424,400,35,21
20130424,459,30,25
20130424,600,38,23
20130424,700,38,27
20130424,759,44,36
20130424,900,52,53
20130424,1000,54,35
20130424,1059,46,32
20130424,1200,42,40
20130424,1300,52,40
20130424,1359,54,38
20130424,1500,66,51
20130424,1600,70,51
20130424,1659,66,27
20130424,1800,52,35
20130424,1900,45,33
20130424,1959,36,31
20130424,2100,31,31
20130424,2200,33,36
20130424,2259,43,35
20130425,0,51,33
20130425,100,41,34
20130425,159,51,32
20130425,300,48,28
20130425,400,45,30
20130425,459,44,28
20130425,600,43,30
20130425,700,51,38
20130425,759,49,39
20130425,900,57,60
20130425,1000,65,46
20130425,1059,67,46
20130425,1200,71,57
20130425,1300,79,50
20130425,1359,79,46
20130425,1500,67,31
20130425,1600,62,32
20130425,1659,54,28
20130425,1800,53,32
20130425,1900,51,33
20130425,1959,51,32
20130425,2100,44,31
20130425,2200,51,34
20130425,2259,54,37
20130426,0,60,36
20130426,100,52,32
20130426,159,58,34
20130426,300,50,34
20130426,400,49,27
20130426,459,43,29
20130426,600,41,28
20130426,700,42,27
20130426,759,42,34
20130426,900,43,17
20130426,1000,29,15
20130426,1059,21,28
20130426,1200,32,15
20130426,1300,40,31
20130426,1359,44,36
20130426,1500,49,25
20130426,1600,51,16
20130426,1659,45,25
20130426,1800,49,26
20130426,1900,53,36
20130426,1959,52,48
20130426,2100,56,40
20130426,2200,61,31
20130426,2259,55,29
20130427,0,53,32
20130427,100,52,27
20130427,159,43,27
20130427,300,48,22
20130427,400,41,13
20130427,459,35,14
20130427,600,32,15
20130427,700,27,14
20130427,759,30,17
20130427,900,33,40
20130427,1000,40,35
20130427,1059,51,30
20130427,1200,51,17
20130427,1300,39,40
20130427,1359,51,32
20130427,1500,59,16
20130427,1600,48,19
20130427,1659,42,15
20130427,1800,38,23
20130427,1900,33,22
20130427,1959,25,29
20130427,2100,46,40
20130427,2200,60,39
20130427,2259,53,38
20130428,0,58,27
20130428,100,45,26
20130428,159,48,25
20130428,300,46,18
20130428,400,39,14
20130428,459,32,13
20130428,600,31,15
20130428,700,27,8
20130428,759,25,14
20130428,900,19,21
20130428,1000,22,18
20130428,1059,25,19
20130428,1200,28,17
20130428,1300,34,25
20130428,1359,36,13
20130428,1500,28,10
20130428,1600,34,15
20130428,1659,37,26
20130428,1800,49,21
20130428,1900,35,33
20130428,1959,25,27
20130428,2100,41,31
20130428,2200,50,30
20130428,2259,44,29
20130429,0,46,24
20130429,100,38,22
20130429,159,34,19
20130429,300,33,16
20130429,400,37,14
20130429,459,34,16
20130429,600,27,16
20130429,700,27,20
20130429,759,28,24
20130429,900,31,38
20130429,1000,44,28
20130429,1059,42,21
20130429,1200,37,33
20130429,1300,48,47
20130429,1359,69,36
20130429,1500,60,32
20130429,1600,57,31
20130429,1659,56,29
20130429,1800,50,25
20130429,1900,39,34
20130429,1959,30,33
20130429,2100,40,34
20130429,2200,44,31
20130429,2259,50,36
20130430,0,49,28
20130430,100,53,27
20130430,159,41,23
20130430,300,38,20
20130430,400,34,18
20130430,459,28,18
20130430,600,32,15
20130430,700,24,17
20130430,759,26,22
20130430,900,36,35
20130430,1000,43,30
20130430,1059,48,31
20130430,1200,45,30
20130430,1300,53,42
20130430,1359,49,40
20130430,1500,62,37
20130430,1600,59,30
20130430,1659,53,20
20130430,1800,44,26
20130430,1900,42,31
20130430,1959,35,37
20130430,2100,38,35
20130430,2200,44,37
20130430,2259,54,39
20130501,0,53,41
20130501,100,49,32
20130501,159,50,35
20130501,300,50,27
20130501,400,42,25
20130501,459,40,22
20130501,600,39,25
20130501,700,34,24
20130501,759,34,21
20130501,900,36,31
20130501,1000,39,33
20130501,1059,45,32
20130501,1200,54,23
20130501,1300,52,22
20130501,1359,35,15
20130501,1500,41,21
20130501,1600,39,18
20130501,1659,38,12
20130501,1800,36,10
20130501,1900,31,22
20130501,1959,24,20
20130501,2100,27,24
20130501,2200,39,28
20130501,2259,42,19
20130502,0,40,19
20130502,100,33,16
20130502,159,30,14
20130502,300,26,16
20130502,400,29,8
20130502,459,25,12
20130502,600,26,11
20130502,700,23,15
20130502,759,24,14
20130502,900,26,36
20130502,1000,33,24
20130502,1059,28,25
20130502,1200,32,16
20130502,1300,32,38
20130502,1359,45,7
20130502,1500,44,22
20130502,1600,23,54
20130502,1659,60,49
20130502,1800,56,55
20130502,1900,62,15
20130502,1959,38,15
20130502,2100,23,18
20130502,2200,23,16
20130502,2259,24,26
20130503,0,18,1
20130503,100,9,8
20130503,159,5,11
20130503,300,4,1
20130503,400,4,3
20130503,459,3,1
20130503,600,7,2
20130503,700,9,4
20130503,759,7,8
20130503,900,6,18
20130503,1000,11,17
20130503,1059,14,6
20130503,1200,14,1
20130503,1300,12,1
20130503,1359,9,12
20130503,1500,8,9
20130503,1600,11,14
20130503,1659,15,19
20130503,1800,22,18
20130503,1900,33,21
20130503,1959,36,27
20130503,2100,42,30
20130503,2200,33,33
20130503,2259,50,29
20130504,0,42,25
20130504,100,46,20
20130504,159,40,10
20130504,300,25,4
20130504,400,19,3
20130504,459,20,8
20130504,600,18,9
20130504,700,22,10
20130504,759,22,5
20130504,900,16,28
20130504,1000,23,18
20130504,1059,29,21
20130504,1200,32,14
20130504,1300,30,14
20130504,1359,29,13
20130504,1500,32,12
20130504,1600,34,12
20130504,1659,41,15
20130504,1800,41,42
20130504,1900,51,26
20130504,1959,29,30
20130504,2100,45,32
20130504,2200,56,33
20130504,2259,49,19
20130505,0,43,11
20130505,100,33,19
20130505,159,38,9
20130505,300,23,6
20130505,400,26,7
20130505,459,16,3
20130505,600,16,1
20130505,700,14,2
20130505,759,13,1
20130505,900,13,7
20130505,1000,9,19
20130505,1059,10,2
20130505,1200,19,16
20130505,1300,8,1
20130505,1359,8,4
20130505,1500,8,9
20130505,1600,26,4
20130505,1659,17,10
20130505,1800,26,41
20130505,1900,24,29
20130505,1959,21,12
20130505,2100,20,27
20130505,2200,28,25
20130505,2259,40,21
20130506,0,28,15
20130506,100,36,16
20130506,159,30,3
20130506,300,21,7
20130506,400,18,12
20130506,459,12,5
20130506,600,22,4
20130506,700,16,12
20130506,759,13,22
20130506,900,24,21
20130506,1000,29,20
20130506,1059,24,16
20130506,1200,25,11
20130506,1300,28,13
20130506,1359,24,8
20130506,1500,28,31
20130506,1600,37,34
20130506,1659,43,30
20130506,1800,45,16
20130506,1900,19,24
20130506,1959,18,33
20130506,2100,44,32
20130506,2200,52,26
20130506,2259,45,18
20130507,0,40,19
20130507,100,33,14
20130507,159,20,13
20130507,300,32,5
20130507,400,19,5
20130507,459,17,4
20130507,600,14,2
20130507,700,13,8
20130507,759,16,7
20130507,900,17,19
20130507,1000,16,11
20130507,1059,20,24
20130507,1200,23,12
20130507,1300,22,12
20130507,1359,6,20
20130507,1500,25,46
20130507,1600,45,24
20130507,1659,41,46
20130507,1800,45,44
20130507,1900,47,31
20130507,1959,36,43
20130507,2100,49,37
20130507,2200,51,30
20130507,2259,59,31
20130508,0,47,34
20130508,100,44,17
20130508,159,45,27
20130508,300,36,10
20130508,400,32,14
20130508,459,28,14
20130508,600,28,12
20130508,700,32,10
20130508,759,25,18
20130508,900,29,34
20130508,1000,42,30
20130508,1059,32,29
20130508,1200,47,53
20130508,1300,66,36
20130508,1359,60,34
20130508,1500,62,39
20130508,1600,69,64
20130508,1659,78,35
20130508,1800,66,29
20130508,1900,51,36
20130508,1959,48,39
20130508,2100,62,48
20130508,2200,71,46
20130508,2259,73,41
20130509,0,75,39
20130509,100,76,26
20130509,159,55,19
20130509,300,52,25
20130509,400,46,18
20130509,459,46,17
20130509,600,37,13
20130509,700,33,9
20130509,759,28,14
20130509,900,29,27
20130509,1000,31,52
20130509,1059,58,43
20130509,1200,70,33
20130509,1300,61,45
20130509,1359,67,44
20130509,1500,62,47
20130509,1600,70,24
20130509,1659,41,25
20130509,1800,42,18
20130509,1900,40,28
20130509,1959,46,30
20130509,2100,42,30
20130509,2200,39,32
20130509,2259,45,32
20130510,0,44,33
20130510,100,47,35
20130510,159,42,35
20130510,300,39,29
20130510,400,47,30
20130510,459,40,21
20130510,600,35,27
20130510,700,42,34
20130510,759,43,25
20130510,900,43,16
20130510,1000,26,46
20130510,1059,46,29
20130510,1200,48,21
20130510,1300,35,23
20130510,1359,34,25
20130510,1500,33,21
20130510,1600,39,22
20130510,1659,44,13
20130510,1800,32,20
20130510,1900,26,22
20130510,1959,26,25
20130510,2100,25,14
20130510,2200,18,17
20130510,2259,24,15
20130511,0,24,14
20130511,100,25,13
20130511,159,23,14
20130511,300,39,21
20130511,400,33,17
20130511,459,29,11
20130511,600,21,13
20130511,700,24,13
20130511,759,32,16
20130511,900,30,34
20130511,1000,32,16
20130511,1059,38,19
20130511,1200,38,18
20130511,1300,35,26
20130511,1359,37,26
20130511,1500,43,21
20130511,1600,45,27
20130511,1659,50,11
20130511,1800,38,26
20130511,1900,34,27
20130511,1959,35,28
20130511,2100,49,36
20130511,2200,40,42
20130511,2259,65,35
20130512,0,52,45
20130512,100,63,30
20130512,159,53,20
20130512,300,39,19
20130512,400,41,20
20130512,459,37,19
20130512,600,32,23
20130512,700,38,16
20130512,759,36,12
20130512,900,33,31
20130512,1000,39,23
20130512,1059,40,28
20130512,1200,46,27
20130512,1300,47,25
20130512,1359,54,41
20130512,1500,62,58
20130512,1600,80,58
20130512,1659,92,54
20130512,1800,95,63
20130512,1900,89,67
20130512,1959,91,71
20130512,2100,100,64
20130512,2200,99,43
20130512,2259,80,56
20130513,0,77,46
20130513,100,74,37
20130513,159,61,46
20130513,300,65,45
20130513,400,71,43
20130513,459,63,38
20130513,600,72,42
20130513,700,62,42
20130513,759,66,43
20130513,900,71,59
20130513,1000,70,54
20130513,1059,78,57
20130513,1200,80,54
20130513,1300,84,48
20130513,1359,76,51
20130513,1500,91,17
20130513,1600,61,34
20130513,1659,62,20
20130513,1800,53,26
20130513,1900,49,27
20130513,1959,45,24
20130513,2100,46,32
20130513,2200,59,30
20130513,2259,60,29
20130514,0,53,30
20130514,100,54,25
20130514,159,58,23
20130514,300,48,20
20130514,400,48,17
20130514,459,47,15
20130514,600,37,22
20130514,700,49,15
20130514,759,42,24
20130514,900,44,44
20130514,1000,64,47
20130514,1059,63,25
20130514,1200,62,50
20130514,1300,75,43
20130514,1359,78,33
20130514,1500,68,32
20130514,1600,73,23
20130514,1900,30,13
20130514,1959,40,14
20130514,2100,42,18
20130514,2200,40,23
20130514,2259,43,25
20130515,0,42,25
20130515,100,47,21
20130515,159,45,21
20130515,300,45,17
20130515,400,40,18
20130515,459,40,17
20130515,600,37,17
20130515,700,41,18
20130515,759,42,16
20130515,900,43,32
20130515,1000,51,29
20130515,1059,51,26
20130515,1200,43,19
20130515,1300,42,31
20130515,1359,57,41
20130515,1500,69,24
20130515,1600,49,15
20130515,1659,41,27
20130515,1800,53,30
20130515,1900,57,42
20130515,1959,72,52
20130515,2100,80,38
20130515,2200,65,35
20130515,2259,57,26
20130516,0,60,22
20130516,100,41,14
20130516,159,33,11
20130516,300,35,6
20130516,400,28,2
20130516,459,16,1
20130516,600,14,1
20130516,700,10,2
20130516,759,9,9
20130516,900,14,23
20130516,1000,22,30
20130516,1059,37,26
20130516,1200,35,19
20130516,1300,30,17
20130516,1359,28,14
20130516,1500,27,20
20130516,1600,31,23
20130516,1659,47,17
20130516,1800,33,23
20130516,1900,47,36
20130516,1959,47,40
20130516,2100,63,45
20130516,2200,61,32
20130516,2259,53,30
20130517,0,54,26
20130517,100,48,22
20130517,159,44,21
20130517,300,38,16
20130517,400,33,14
20130517,459,32,12
20130517,600,27,11
20130517,700,21,11
20130517,759,22,16
20130517,900,29,30
20130517,1000,33,30
20130517,1059,38,33
20130517,1200,44,31
20130517,1300,38,28
20130517,1359,45,42
20130517,1500,69,50
20130517,1600,73,48
20130517,1659,87,73
20130517,1800,104,96
20130517,1900,131,102
20130517,1959,136,100
20130517,2100,139,91
20130517,2200,134,71
20130517,2259,106,61
20130518,0,100,53
20130518,100,82,32
20130518,159,62,30
20130518,300,57,34
20130518,400,57,37
20130518,459,61,38
20130518,600,59,23
20130518,700,49,20
20130518,759,43,3
20130518,900,21,3
20130518,1000,10,13
20130518,1059,20,16
20130518,1200,27,3
20130518,1300,10,20
20130518,1359,27,10
20130518,1500,25,14
20130518,1600,26,14
20130518,1659,29,8
20130518,1800,35,11
20130518,1900,24,9
20130518,1959,20,2
20130518,2100,6,3
20130518,2200,8,3
20130518,2259,13,6
20130519,0,14,6
20130519,100,22,3
20130519,159,17,2
20130519,300,13,5
20130519,400,13,2
20130519,459,13,1
20130519,600,8,2
20130519,700,3,3
20130519,759,4,3
20130519,900,10,6
20130519,1000,13,11
20130519,1059,11,6
20130519,1200,9,5
20130519,1300,13,4
20130519,1359,16,11
20130519,1500,19,13
20130519,1600,24,18
20130519,1659,30,16
20130519,1800,35,15
20130519,1900,30,20
20130519,1959,40,26
20130519,2100,46,14
20130519,2200,31,18
20130519,2259,39,19
20130520,0,29,14
20130520,100,37,8
20130520,159,24,7
20130520,300,17,2
20130520,400,15,1
20130520,459,11,3
20130520,600,7,3
20130520,700,10,5
20130520,759,11,9
20130520,900,12,19
20130520,1000,25,22
20130520,1059,26,19
20130520,1200,31,22
20130520,1300,45,33
20130520,1359,56,38
20130520,1500,67,34
20130520,1600,60,32
20130520,1659,63,31
20130520,1800,64,32
20130520,1900,61,26
20130520,1959,48,19
20130520,2100,38,32
20130520,2200,59,29
20130520,2259,55,37
20130521,0,62,26
20130521,100,58,35
20130521,159,62,19
20130521,300,48,18
20130521,400,47,15
20130521,459,48,15
20130521,600,40,17
20130521,700,43,10
20130521,759,31,10
20130521,900,31,16
20130521,1000,29,16
20130521,1059,42,19
20130521,1200,42,25
20130521,1300,52,28
20130521,1359,56,30
20130521,1500,57,24
20130521,1600,60,28
20130521,1659,56,37
20130521,1800,74,27
20130521,1900,56,23
20130521,1959,47,28
20130521,2100,46,31
20130521,2200,58,48
20130521,2259,76,40
20130522,0,77,29
20130522,100,53,22
20130522,159,44,20
20130522,300,57,17
20130522,400,44,12
20130522,459,36,11
20130522,600,34,8
20130522,700,28,12
20130522,759,34,18
20130522,900,39,35
20130522,1000,45,38
20130522,1059,55,34
20130522,1200,59,33
20130522,1300,65,38
20130522,1359,71,37
20130522,1500,71,55
20130522,1600,96,67
20130522,1659,115,64
20130522,1800,118,60
20130522,1900,108,55
20130522,1959,105,57
20130522,2100,104,38
20130522,2200,72,35
20130522,2259,62,40
20130523,0,71,34
20130523,100,61,31
20130523,159,68,24
20130523,300,57,23
20130523,400,54,20
20130523,459,52,16
20130523,600,38,12
20130523,700,38,15
20130523,759,33,23
20130523,900,47,41
20130523,1000,53,33
20130523,1059,49,27
20130523,1200,46,32
20130523,1300,57,41
20130523,1359,76,40
20130523,1500,69,44
20130523,1600,83,43
20130523,1659,80,46
20130523,1800,85,44
20130523,1900,82,51
20130523,1959,87,56
20130523,2100,100,46
20130523,2200,82,39
20130523,2259,73,34
20130524,0,67,22
20130524,100,52,25
20130524,159,49,16
20130524,300,46,14
20130524,400,43,7
20130524,459,31,8
20130524,600,29,9
20130524,700,24,7
20130524,759,29,9
20130524,900,27,21
20130524,1000,28,23
20130524,1059,25,39
20130524,1200,55,29
20130524,1300,54,25
20130524,1359,46,17
20130524,1500,45,19
20130524,1600,32,22
20130524,1659,44,46
20130524,1800,67,41
20130524,1900,64,46
20130524,1959,72,28
20130524,2100,36,33
20130524,2200,58,40
20130524,2259,61,35
20130525,0,60,27
20130525,100,48,13
20130525,159,36,17
20130525,300,33,14
20130525,400,33,14
20130525,459,27,8
20130525,600,23,10
20130525,700,19,10
20130525,759,25,12
20130525,900,19,21
20130525,1000,28,20
20130525,1059,31,39
20130525,1200,51,60
20130525,1300,83,58
20130525,1359,82,51
20130525,1500,82,49
20130525,1600,82,39
20130525,1659,72,29
20130525,1800,58,32
20130525,1900,54,30
20130525,1959,52,36
20130525,2100,63,38
20130525,2200,63,41
20130525,2259,75,42
20130526,0,70,43
20130526,100,80,39
20130526,159,79,31
20130526,300,65,40
20130526,400,75,32
20130526,459,66,28
20130526,600,68,31
20130526,700,63,34
20130526,759,67,38
20130526,900,71,35
20130526,1000,75,34
20130526,1059,68,33
20130526,1200,72,30
20130526,1300,67,41
20130526,1359,80,45
20130526,1500,85,42
20130526,1600,97,48
20130526,1659,101,43
20130526,1800,94,45
20130526,1900,95,42
20130526,1959,98,44
20130526,2100,97,49
20130526,2200,105,51
20130526,2259,103,50
20130527,0,99,32
20130527,100,79,41
20130527,159,82,39
20130527,300,77,34
20130527,400,79,45
20130527,459,94,43
20130527,600,84,37
20130527,700,82,23
20130527,759,65,26
20130527,900,55,28
20130527,1000,54,26
20130527,1059,56,11
20130527,1200,39,3
20130527,1300,10,3
20130527,1359,10,1
20130527,1500,6,5
20130527,1600,4,2
20130527,1659,7,11
20130527,1800,20,3
20130527,1900,15,3
20130527,1959,16,4
20130527,2100,14,4
20130527,2200,9,1
20130527,2259,8,6
20130528,0,10,2
20130528,100,10,5
20130528,159,7,1
20130528,300,7,2
20130528,400,7,2
20130528,459,8,1
20130528,600,7,1
20130528,700,4,1
20130528,759,6,8
20130528,900,10,3
20130528,1000,10,8
20130528,1059,9,9
20130528,1200,13,4
20130528,1300,14,2
20130528,1359,8,1
20130528,1500,7,3
20130528,1600,11,3
20130528,1659,9,6
20130528,1800,9,6
20130528,1900,13,5
20130528,1959,14,5
20130528,2100,13,5
20130528,2200,18,3
20130528,2259,7,4
20130529,0,9,4
20130529,100,10,2
20130529,159,9,1
20130529,300,8,3
20130529,400,6,1
20130529,459,6,1
20130529,600,5,2
20130529,700,3,3
20130529,759,6,5
20130529,900,9,8
20130529,1000,12,4
20130529,1059,15,12
20130529,1200,10,9
20130529,1300,9,8
20130529,1359,11,10
20130529,1500,27,30
20130529,1600,46,24
20130529,1659,48,26
20130529,1800,41,27
20130529,1900,50,31
20130529,1959,56,37
20130529,2100,62,40
20130529,2200,65,33
20130529,2259,56,36
20130530,0,66,32
20130530,100,55,13
20130530,159,34,4
20130530,300,17,2
20130530,400,16,5
20130530,459,20,6
20130530,600,13,3
20130530,700,11,1
20130530,759,10,7
20130530,900,13,21
20130530,1000,18,19
20130530,1059,28,17
20130530,1200,23,7
20130530,1300,16,33
20130530,1359,27,22
20130530,1500,41,35
20130530,1600,47,60
20130530,1659,84,38
20130530,1800,56,27
20130530,1900,44,31
20130530,1959,41,40
20130530,2100,46,44
20130530,2200,52,50
20130530,2259,67,37
20130531,0,52,22
20130531,100,39,19
20130531,159,36,23
20130531,300,36,18
20130531,400,31,20
20130531,459,34,37
20130531,600,43,25
20130531,700,40,14
20130531,759,31,25
20130531,900,24,15
20130531,1000,24,6
20130531,1059,15,20
20130531,1200,26,14
20130531,1300,24,16
20130531,1359,25,13
20130531,1500,25,2
20130531,1600,10,1
20130531,1659,9,5
20130531,1800,7,10
20130531,1900,9,18
20130531,1959,19,15
20130531,2100,25,18
20130531,2200,30,3
20130531,2259,17,9
20130601,0,20,11
20130601,100,20,16
20130601,159,26,12
20130601,300,17,15
20130601,400,22,13
20130601,459,21,12
20130601,600,21,1
20130601,700,10,12
20130601,759,12,13
20130601,900,18,14
20130601,1000,16,17
20130601,1059,21,8
20130601,1200,19,9
20130601,1300,12,1
20130601,1359,11,2
20130601,1500,9,9
20130601,1600,11,6
20130601,1659,14,8
20130601,1800,18,19
20130601,1900,16,19
20130601,1959,21,28
20130601,2100,32,23
20130601,2200,41,22
20130601,2259,35,32
20130602,0,52,21
20130602,100,30,22
20130602,159,33,15
20130602,300,27,15
20130602,400,25,15
20130602,459,23,7
20130602,600,17,6
20130602,700,16,10
20130602,759,20,3
20130602,900,13,14
20130602,1000,13,14
20130602,1059,19,13
20130602,1200,21,11
20130602,1300,16,6
20130602,1359,15,18
20130602,1500,31,14
20130602,1600,26,17
20130602,1659,37,23
20130602,1800,46,26
20130602,1900,42,33
20130602,1959,53,36
20130602,2100,53,31
20130602,2200,52,32
20130602,2259,56,28
20130603,0,48,21
20130603,100,51,14
20130603,159,28,7
20130603,300,26,7
20130603,400,26,5
20130603,459,21,5
20130603,600,22,2
20130603,700,24,6
20130603,759,12,10
20130603,900,21,20
20130603,1000,25,18
20130603,1059,19,23
20130603,1200,37,30
20130603,1300,43,30
20130603,1359,36,36
20130603,1500,64,31
20130603,1600,53,37
20130603,1659,50,42
20130603,1800,72,43
20130603,1900,66,50
20130603,1959,73,40
20130603,2100,68,36
20130603,2200,65,37
20130603,2259,58,31
20130604,0,50,16
20130604,100,37,4
20130604,159,21,12
20130604,300,34,8
20130604,400,16,1
20130604,459,15,10
20130604,600,14,5
20130604,700,21,9
20130604,759,18,6
20130604,900,20,18
20130604,1000,25,24
20130604,1059,26,26
20130604,1200,34,20
20130604,1300,27,21
20130604,1359,38,22
20130604,1500,38,66
20130604,1600,88,46
20130604,1659,77,44
20130604,1800,74,41
20130604,1900,62,59
20130604,1959,88,51
20130604,2100,76,39
20130604,2200,68,32
20130604,2259,60,33
20130605,0,47,22
20130605,100,41,20
20130605,159,41,16
20130605,300,35,15
20130605,400,26,14
20130605,459,30,12
20130605,600,30,13
20130605,700,30,14
20130605,759,22,18
20130605,900,26,29
20130605,1000,36,30
20130605,1059,41,18
20130605,1200,41,27
20130605,1300,37,43
20130605,1359,66,42
20130605,1500,59,57
20130605,1600,83,65
20130605,1659,91,45
20130605,1800,85,37
20130605,1900,60,40
20130605,1959,67,58
20130605,2100,79,51
20130605,2200,78,43
20130605,2259,71,38
20130606,0,65,32
20130606,100,57,24
20130606,159,47,17
20130606,300,40,16
20130606,400,34,10
20130606,459,33,11
20130606,600,25,8
20130606,700,26,7
20130606,759,21,19
20130606,900,32,24
20130606,1000,33,19
20130606,1059,28,20
20130606,1200,35,26
20130606,1300,44,30
20130606,1359,50,20
20130606,1500,41,32
20130606,1600,56,41
20130606,1659,64,85
20130606,1800,112,58
20130606,1900,86,56
20130606,1959,85,52
20130606,2100,77,46
20130606,2200,77,32
20130606,2259,55,30
20130607,0,53,25
20130607,100,39,18
20130607,159,31,16
20130607,300,42,13
20130607,400,26,10
20130607,459,23,13
20130607,600,27,6
20130607,700,27,12
20130607,759,21,18
20130607,900,27,31
20130607,1000,39,26
20130607,1059,35,23
20130607,1200,42,28
20130607,1300,57,28
20130607,1359,54,28
20130607,1500,49,39
20130607,1600,59,50
20130607,1659,78,58
20130607,1800,93,54
20130607,1900,83,56
20130607,1959,87,61
20130607,2100,94,59
20130607,2200,97,54
20130607,2259,84,53
20130608,0,88,41
20130608,100,66,35
20130608,159,57,25
20130608,300,61,27
20130608,400,61,20
20130608,459,42,18
20130608,600,44,18
20130608,700,39,14
20130608,759,28,12
20130608,900,28,15
20130608,1000,29,21
20130608,1059,31,33
20130608,1200,51,32
20130608,1300,55,38
20130608,1359,58,50
20130608,1500,77,25
20130608,1600,58,42
20130608,1659,56,80
20130608,1800,104,56
20130608,1900,91,54
20130608,1959,90,59
20130608,2100,101,49
20130608,2200,91,43
20130608,2259,77,41
20130609,0,71,46
20130609,100,75,40
20130609,159,76,25
20130609,300,58,19
20130609,400,50,13
20130609,459,35,11
20130609,600,34,11
20130609,700,26,11
20130609,759,26,3
20130609,900,19,5
20130609,1000,20,11
20130609,1059,18,10
20130609,1200,29,5
20130609,1300,24,26
20130609,1359,31,44
20130609,1500,59,52
20130609,1600,85,50
20130609,1659,88,58
20130609,1800,105,54
20130609,1900,99,50
20130609,1959,92,46
20130609,2100,90,33
20130609,2200,70,28
20130609,2259,55,19
20130610,0,44,14
20130610,100,36,10
20130610,159,20,4
20130610,300,17,3
20130610,400,9,1
20130610,459,20,1
20130610,600,6,1
20130610,700,4,1
20130610,759,4,14
20130610,900,24,21
20130610,1000,25,20
20130610,1059,19,19
20130610,1200,34,14
20130610,1300,21,24
20130610,1359,29,24
20130610,1500,40,41
20130610,1600,56,41
20130610,1659,58,42
20130610,1800,59,43
20130610,1900,60,52
20130610,1959,74,49
20130610,2100,78,48
20130610,2200,74,45
20130610,2259,71,38
20130611,0,67,30
20130611,100,51,25
20130611,159,46,18
20130611,300,45,14
20130611,400,42,13
20130611,459,35,10
20130611,600,24,10
20130611,700,24,11
20130611,759,24,11
20130611,900,24,29
20130611,1000,46,35
20130611,1059,44,36
20130611,1200,49,47
20130611,1300,69,52
20130611,1359,70,42
20130611,1500,74,54
20130611,1600,83,91
20130611,1659,127,69
20130611,1800,111,62
20130611,1900,97,72
20130611,1959,103,73
20130611,2100,119,54
20130611,2200,92,49
20130611,2259,79,43
20130612,0,75,29
20130612,100,55,26
20130612,159,48,13
20130612,300,40,8
20130612,400,32,6
20130612,459,23,2
20130612,600,22,2
20130612,700,8,1
20130612,759,8,6
20130612,900,10,7
20130612,1000,20,28
20130612,1059,27,27
20130612,1200,46,21
20130612,1300,26,30
20130612,1359,49,45
20130612,1500,66,106
20130612,1600,131,63
20130612,1659,102,60
20130612,1800,102,52
20130612,1900,86,52
20130612,1959,70,61
20130612,2100,94,58
20130612,2200,89,57
20130612,2259,96,45
20130613,0,78,42
20130613,100,72,23
20130613,159,61,21
20130613,300,43,16
20130613,400,41,9
20130613,459,30,8
20130613,600,25,3
20130613,700,19,5
20130613,759,14,7
20130613,900,15,17
20130613,1000,25,28
20130613,1059,38,15
20130613,1200,77,31
20130613,1300,80,78
20130613,1359,137,48
20130613,1500,74,42
20130613,1600,73,42
20130613,1659,64,65
20130613,1800,101,65
20130613,1900,90,66
20130613,1959,92,70
20130613,2100,108,60
20130613,2200,90,57
20130613,2259,96,48
20130614,0,85,41
20130614,100,71,28
20130614,159,62,23
20130614,300,45,18
20130614,400,42,16
20130614,459,39,12
20130614,600,27,13
20130614,700,28,11
20130614,759,28,19
20130614,900,34,30
20130614,1000,45,24
20130614,1059,38,48
20130614,1200,63,53
20130614,1300,71,38
20130614,1359,68,53
20130614,1500,75,58
20130614,1600,86,72
20130614,1659,102,81
20130614,1800,118,71
20130614,1900,110,73
20130614,1959,107,79
20130614,2100,122,59
20130614,2200,104,56
20130614,2259,100,54
20130615,0,97,50
20130615,100,75,41
20130615,159,74,40
20130615,300,75,26
20130615,400,56,28
20130615,459,54,23
20130615,600,54,23
20130615,700,49,17
20130615,759,38,19
20130615,900,49,22
20130615,1000,43,33
20130615,1059,47,29
20130615,1200,64,55
20130615,1300,81,64
20130615,1359,95,61
20130615,1500,101,57
20130615,1600,90,68
20130615,1659,112,69
20130615,1800,120,46
20130615,1900,98,49
20130615,1959,98,64
20130615,2100,120,67
20130615,2200,126,60
20130615,2259,107,51
20130616,0,91,58
20130616,100,104,57
20130616,159,106,53
20130616,300,97,35
20130616,400,79,34
20130616,459,72,41
20130616,600,77,43
20130616,700,78,40
20130616,759,81,44
20130616,900,83,42
20130616,1000,82,42
20130616,1059,79,44
20130616,1200,86,42
20130616,1300,91,47
20130616,1359,93,43
20130616,1500,90,44
20130616,1600,94,46
20130616,1659,90,49
20130616,1800,98,47
20130616,1900,95,50
20130616,1959,98,52
20130616,2100,99,51
20130616,2200,96,52
20130616,2259,104,51
20130617,0,97,40
20130617,100,87,34
20130617,159,86,36
20130617,300,84,40
20130617,400,83,36
20130617,459,78,31
20130617,600,69,29
20130617,700,65,17
20130617,759,52,12
20130617,900,36,25
20130617,1000,45,32
20130617,1059,56,29
20130617,1200,59,38
20130617,1300,69,37
20130617,1359,78,46
20130617,1500,75,37
20130617,1600,86,37
20130617,1659,74,42
20130617,1800,84,45
20130617,1900,78,28
20130617,1959,58,33
20130617,2100,57,41
20130617,2200,64,35
20130617,2259,65,36
20130618,0,62,27
20130618,100,54,22
20130618,159,40,27
20130618,300,52,20
20130618,400,44,15
20130618,459,40,13
20130618,600,34,9
20130618,700,28,12
20130618,759,29,16
20130618,900,36,31
20130618,1000,42,20
20130618,1059,40,36
20130618,1200,54,44
20130618,1600,60,39
20130618,1659,64,61
20130618,1800,85,58
20130618,1900,87,65
20130618,1959,101,68
20130618,2100,102,53
20130618,2200,91,55
20130618,2259,107,43
20130619,0,75,32
20130619,100,63,20
20130619,159,43,23
20130619,300,38,17
20130619,400,45,16
20130619,459,36,8
20130619,600,23,7
20130619,700,24,6
20130619,759,19,17
20130619,900,30,30
20130619,1000,35,36
20130619,1059,43,30
20130619,1200,46,38
20130619,1300,54,38
20130619,1359,66,50
20130619,1500,80,54
20130619,1600,87,49
20130619,1659,86,54
20130619,1800,89,51
20130619,1900,85,60
20130619,1959,99,67
20130619,2100,102,62
20130619,2200,97,50
20130619,2259,86,54
20130620,0,77,37
20130620,100,68,27
20130620,159,53,22
20130620,300,45,21
20130620,400,43,15
20130620,459,39,11
20130620,600,35,15
20130620,700,28,13
20130620,759,25,22
20130620,900,36,19
20130620,1000,38,38
20130620,1059,45,36
20130620,1200,52,33
20130620,1300,58,37
20130620,1359,62,36
20130620,1500,71,26
20130620,1600,58,42
20130620,1659,67,41
20130620,1800,72,42
20130620,1900,69,53
20130620,1959,87,58
20130620,2100,93,59
20130620,2200,83,56
20130620,2259,88,41
20130621,0,71,26
20130621,100,52,22
20130621,159,43,18
20130621,300,40,10
20130621,400,32,10
20130621,459,28,9
20130621,600,22,5
20130621,700,18,6
20130621,759,16,5
20130621,900,23,27
20130621,1000,31,32
20130621,1059,51,13
20130621,1200,42,53
20130621,1300,57,30
20130621,1359,74,18
20130621,1500,45,68
20130621,1600,92,57
20130621,1659,101,54
20130621,1800,93,31
20130621,1900,80,88
20130621,1959,110,59
20130621,2100,108,53
20130621,2200,103,76
20130621,2259,104,56
20130622,0,101,63
20130622,100,90,69
20130622,159,112,40
20130622,300,72,58
20130622,400,97,44
20130622,459,80,24
20130622,600,53,1
20130622,700,10,18
20130622,759,20,25
20130622,900,35,1
20130622,1000,16,1
20130622,1059,12,3
20130622,1200,10,7
20130622,1300,13,1
20130622,1359,10,1
20130622,1500,8,9
20130622,1600,9,6
20130622,1659,7,1
20130622,1800,7,1
20130622,1900,8,1
20130622,1959,9,8
20130622,2100,8,4
20130622,2200,12,5
20130622,2259,16,2
20130623,0,11,1
20130623,100,6,1
20130623,159,7,1
20130623,300,4,5
20130623,400,3,2
20130623,459,5,3
20130623,600,6,3
20130623,700,7,2
20130623,759,7,2
20130623,900,7,2
20130623,1000,8,3
20130623,1059,5,17
20130623,1200,9,16
20130623,1300,23,7
20130623,1359,18,15
20130623,1500,17,8
20130623,1600,17,2
20130623,1659,5,1
20130623,1800,6,1
20130623,1900,5,1
20130623,1959,7,8
20130623,2100,10,1
20130623,2200,9,2
20130623,2259,8,4
20130624,0,11,1
